"id(h)","type(r)","id(t)"
"2045","FRAME_RELATED","1524"
"1639","FRAME_RELATED","1524"
"1827","FRAME_BASIC","1524"
"1823","FRAME_ADVANCE","1524"
"1822","FRAME_ADVANCE","1524"
"167","FRAME_BASIC","1524"
"181","FRAME_BASIC","1524"
"169","FRAME_BASIC","1524"
"175","FRAME_BASIC","1524"
"174","FRAME_BASIC","1524"
"173","FRAME_BASIC","1524"
"168","FRAME_BASIC","1524"
"179","FRAME_BASIC","1524"
"176","FRAME_ADVANCE","1524"
"195","FRAME_ADVANCE","1524"
"728","FRAME_ADVANCE","1524"
"178","FRAME_ADVANCE","1524"
"171","FRAME_ADVANCE","1524"
"170","FRAME_ADVANCE","1524"
"177","FRAME_ADVANCE","1524"
"180","FRAME_ADVANCE","1524"
"192","FRAME_ADVANCE","1524"
"172","FRAME_ADVANCE","1524"
"190","FRAME_ADVANCE","1524"
"1895","FRAME_ADVANCE","1524"
"143","FRAME_BASIC","1525"
"156","FRAME_BASIC","1525"
"731","FRAME_BASIC","1525"
"723","FRAME_BASIC","1525"
"164","FRAME_BASIC","1525"
"179","FRAME_BASIC","1525"
"147","FRAME_BASIC","1525"
"150","FRAME_BASIC","1525"
"115","FRAME_BASIC","1525"
"1094","FRAME_BASIC","1525"
"121","FRAME_BASIC","1525"
"638","FRAME_BASIC","1525"
"982","FRAME_BASIC","1525"
"640","FRAME_BASIC","1525"
"304","FRAME_BASIC","1525"
"1826","FRAME_BASIC","1525"
"1896","FRAME_ADVANCE","1525"
"1897","FRAME_ADVANCE","1525"
"1898","FRAME_ADVANCE","1525"
"1901","FRAME_ADVANCE","1525"
"1905","FRAME_ADVANCE","1525"
"1913","FRAME_ADVANCE","1525"
"0","FRAME_ADVANCE","1525"
"120","FRAME_ADVANCE","1525"
"18","FRAME_ADVANCE","1525"
"119","FRAME_ADVANCE","1525"
"1515","FRAME_ADVANCE","1525"
"112","FRAME_ADVANCE","1525"
"647","FRAME_ADVANCE","1525"
"114","FRAME_ADVANCE","1525"
"109","FRAME_ADVANCE","1525"
"118","FRAME_ADVANCE","1525"
"1523","FRAME_ADVANCE","1525"
"107","FRAME_ADVANCE","1525"
"644","FRAME_ADVANCE","1525"
"1520","FRAME_ADVANCE","1525"
"730","FRAME_ADVANCE","1525"
"117","FRAME_ADVANCE","1525"
"113","FRAME_ADVANCE","1525"
"108","FRAME_ADVANCE","1525"
"392","FRAME_ADVANCE","1525"
"736","FRAME_ADVANCE","1525"
"390","FRAME_ADVANCE","1525"
"728","FRAME_ADVANCE","1525"
"111","FRAME_ADVANCE","1525"
"1522","FRAME_ADVANCE","1525"
"110","FRAME_ADVANCE","1525"
"1521","FRAME_ADVANCE","1525"
"116","FRAME_ADVANCE","1525"
"1923","FRAME_BASIC","1526"
"1917","FRAME_BASIC","1526"
"1914","FRAME_BASIC","1526"
"613","FRAME_ADVANCE","1526"
"1929","FRAME_ADVANCE","1526"
"1928","FRAME_ADVANCE","1526"
"1927","FRAME_ADVANCE","1526"
"1924","FRAME_ADVANCE","1526"
"1915","FRAME_ADVANCE","1526"
"1831","FRAME_ADVANCE","1527"
"1830","FRAME_ADVANCE","1527"
"615","FRAME_BASIC","1527"
"575","FRAME_ADVANCE","1527"
"585","FRAME_ADVANCE","1527"
"1919","FRAME_ADVANCE","1527"
"1918","FRAME_ADVANCE","1527"
"1924","FRAME_ADVANCE","1528"
"1922","FRAME_ADVANCE","1528"
"1614","FRAME_RELATED","1529"
"1830","FRAME_ADVANCE","1529"
"1831","FRAME_ADVANCE","1529"
"1314","FRAME_BASIC","1529"
"1941","FRAME_BASIC","1529"
"1312","FRAME_BASIC","1529"
"1318","FRAME_BASIC","1529"
"1342","FRAME_ADVANCE","1529"
"1329","FRAME_ADVANCE","1529"
"1340","FRAME_ADVANCE","1529"
"1354","FRAME_ADVANCE","1529"
"1338","FRAME_ADVANCE","1529"
"1335","FRAME_ADVANCE","1529"
"1327","FRAME_ADVANCE","1529"
"1339","FRAME_ADVANCE","1529"
"614","FRAME_ADVANCE","1529"
"1321","FRAME_ADVANCE","1529"
"1351","FRAME_ADVANCE","1529"
"1332","FRAME_ADVANCE","1529"
"1330","FRAME_ADVANCE","1529"
"577","FRAME_ADVANCE","1529"
"1346","FRAME_ADVANCE","1529"
"1333","FRAME_ADVANCE","1529"
"1324","FRAME_ADVANCE","1529"
"1953","FRAME_ADVANCE","1529"
"1952","FRAME_ADVANCE","1529"
"1951","FRAME_ADVANCE","1529"
"1950","FRAME_ADVANCE","1529"
"1949","FRAME_ADVANCE","1529"
"1947","FRAME_ADVANCE","1529"
"1946","FRAME_ADVANCE","1529"
"1945","FRAME_ADVANCE","1529"
"1944","FRAME_ADVANCE","1529"
"1942","FRAME_ADVANCE","1529"
"1626","FRAME_RELATED","1530"
"1613","FRAME_RELATED","1530"
"1831","FRAME_ADVANCE","1530"
"1923","FRAME_BASIC","1530"
"1917","FRAME_BASIC","1530"
"615","FRAME_BASIC","1530"
"585","FRAME_BASIC","1530"
"1914","FRAME_BASIC","1530"
"409","FRAME_ADVANCE","1530"
"1943","FRAME_ADVANCE","1530"
"1613","FRAME_RELATED","1531"
"615","FRAME_BASIC","1531"
"145","FRAME_BASIC","1531"
"585","FRAME_ADVANCE","1531"
"411","FRAME_ADVANCE","1531"
"412","FRAME_ADVANCE","1531"
"1943","FRAME_ADVANCE","1531"
"1636","FRAME_RELATED","1532"
"1828","FRAME_ADVANCE","1532"
"1846","FRAME_ADVANCE","1532"
"1836","FRAME_ADVANCE","1532"
"630","FRAME_BASIC","1532"
"186","FRAME_BASIC","1532"
"1899","FRAME_BASIC","1532"
"1900","FRAME_BASIC","1532"
"50","FRAME_BASIC","1532"
"1898","FRAME_BASIC","1532"
"44","FRAME_BASIC","1532"
"42","FRAME_BASIC","1532"
"47","FRAME_ADVANCE","1532"
"49","FRAME_ADVANCE","1532"
"48","FRAME_ADVANCE","1532"
"40","FRAME_ADVANCE","1532"
"39","FRAME_ADVANCE","1532"
"1455","FRAME_ADVANCE","1532"
"45","FRAME_ADVANCE","1532"
"38","FRAME_ADVANCE","1532"
"46","FRAME_ADVANCE","1532"
"43","FRAME_ADVANCE","1532"
"1","FRAME_ADVANCE","1532"
"1962","FRAME_ADVANCE","1532"
"2033","FRAME_RELATED","1533"
"1825","FRAME_ADVANCE","1533"
"200","FRAME_BASIC","1533"
"619","FRAME_BASIC","1533"
"612","FRAME_BASIC","1533"
"155","FRAME_BASIC","1533"
"9","FRAME_ADVANCE","1533"
"726","FRAME_ADVANCE","1533"
"729","FRAME_ADVANCE","1533"
"8","FRAME_ADVANCE","1533"
"1632","FRAME_RELATED","1534"
"1824","FRAME_ADVANCE","1534"
"1846","FRAME_ADVANCE","1534"
"1851","FRAME_ADVANCE","1534"
"115","FRAME_BASIC","1534"
"201","FRAME_BASIC","1534"
"64","FRAME_BASIC","1534"
"114","FRAME_BASIC","1534"
"111","FRAME_BASIC","1534"
"112","FRAME_BASIC","1534"
"113","FRAME_BASIC","1534"
"153","FRAME_BASIC","1534"
"11","FRAME_BASIC","1534"
"1522","FRAME_ADVANCE","1534"
"1523","FRAME_ADVANCE","1534"
"14","FRAME_ADVANCE","1534"
"12","FRAME_ADVANCE","1534"
"20","FRAME_ADVANCE","1534"
"1518","FRAME_ADVANCE","1534"
"137","FRAME_ADVANCE","1534"
"13","FRAME_ADVANCE","1534"
"16","FRAME_ADVANCE","1534"
"647","FRAME_ADVANCE","1534"
"15","FRAME_ADVANCE","1534"
"18","FRAME_ADVANCE","1534"
"19","FRAME_ADVANCE","1534"
"17","FRAME_ADVANCE","1534"
"22","FRAME_ADVANCE","1534"
"27","FRAME_BASIC","1535"
"34","FRAME_BASIC","1535"
"36","FRAME_BASIC","1535"
"30","FRAME_BASIC","1535"
"26","FRAME_BASIC","1535"
"29","FRAME_BASIC","1535"
"33","FRAME_BASIC","1535"
"54","FRAME_BASIC","1535"
"1517","FRAME_ADVANCE","1535"
"28","FRAME_ADVANCE","1535"
"1172","FRAME_ADVANCE","1536"
"44","FRAME_ADVANCE","1536"
"1632","FRAME_RELATED","1537"
"202","FRAME_BASIC","1537"
"200","FRAME_BASIC","1537"
"198","FRAME_BASIC","1537"
"201","FRAME_ADVANCE","1537"
"199","FRAME_ADVANCE","1537"
"58","FRAME_ADVANCE","1537"
"71","FRAME_BASIC","1538"
"73","FRAME_BASIC","1538"
"74","FRAME_ADVANCE","1538"
"1618","FRAME_RELATED","1539"
"81","FRAME_BASIC","1539"
"80","FRAME_BASIC","1539"
"85","FRAME_ADVANCE","1539"
"89","FRAME_ADVANCE","1539"
"86","FRAME_ADVANCE","1539"
"84","FRAME_BASIC","1540"
"90","FRAME_BASIC","1540"
"740","FRAME_BASIC","1540"
"80","FRAME_BASIC","1540"
"89","FRAME_BASIC","1540"
"85","FRAME_ADVANCE","1540"
"789","FRAME_ADVANCE","1540"
"87","FRAME_ADVANCE","1540"
"1845","FRAME_ADVANCE","1541"
"1849","FRAME_ADVANCE","1541"
"1839","FRAME_ADVANCE","1541"
"102","FRAME_BASIC","1541"
"104","FRAME_BASIC","1541"
"101","FRAME_BASIC","1541"
"93","FRAME_BASIC","1541"
"103","FRAME_BASIC","1541"
"100","FRAME_BASIC","1541"
"106","FRAME_ADVANCE","1541"
"105","FRAME_ADVANCE","1541"
"94","FRAME_ADVANCE","1541"
"99","FRAME_ADVANCE","1541"
"98","FRAME_ADVANCE","1541"
"97","FRAME_ADVANCE","1541"
"96","FRAME_ADVANCE","1541"
"95","FRAME_ADVANCE","1541"
"140","FRAME_ADVANCE","1542"
"157","FRAME_ADVANCE","1542"
"1636","FRAME_RELATED","1543"
"185","FRAME_BASIC","1543"
"630","FRAME_BASIC","1543"
"171","FRAME_BASIC","1543"
"160","FRAME_BASIC","1543"
"184","FRAME_BASIC","1543"
"186","FRAME_BASIC","1543"
"175","FRAME_BASIC","1543"
"181","FRAME_BASIC","1543"
"182","FRAME_BASIC","1543"
"187","FRAME_BASIC","1543"
"189","FRAME_BASIC","1543"
"179","FRAME_BASIC","1543"
"188","FRAME_BASIC","1543"
"195","FRAME_ADVANCE","1543"
"192","FRAME_ADVANCE","1543"
"193","FRAME_ADVANCE","1543"
"191","FRAME_ADVANCE","1543"
"190","FRAME_ADVANCE","1543"
"183","FRAME_ADVANCE","1543"
"172","FRAME_ADVANCE","1543"
"209","FRAME_BASIC","1544"
"213","FRAME_BASIC","1544"
"204","FRAME_BASIC","1544"
"35","FRAME_BASIC","1544"
"211","FRAME_BASIC","1544"
"210","FRAME_BASIC","1544"
"203","FRAME_BASIC","1544"
"214","FRAME_BASIC","1544"
"205","FRAME_BASIC","1544"
"212","FRAME_ADVANCE","1544"
"206","FRAME_ADVANCE","1544"
"207","FRAME_ADVANCE","1544"
"208","FRAME_ADVANCE","1544"
"217","FRAME_ADVANCE","1545"
"1827","FRAME_BASIC","1546"
"1823","FRAME_ADVANCE","1546"
"638","FRAME_BASIC","1546"
"1902","FRAME_BASIC","1546"
"630","FRAME_BASIC","1546"
"1899","FRAME_BASIC","1546"
"33","FRAME_BASIC","1546"
"53","FRAME_BASIC","1546"
"31","FRAME_BASIC","1546"
"390","FRAME_ADVANCE","1546"
"1520","FRAME_ADVANCE","1546"
"1627","FRAME_RELATED","1547"
"411","FRAME_ADVANCE","1547"
"409","FRAME_ADVANCE","1547"
"411","FRAME_ADVANCE","1548"
"1889","FRAME_RELATED","1549"
"1831","FRAME_ADVANCE","1549"
"411","FRAME_ADVANCE","1549"
"1831","FRAME_ADVANCE","1550"
"513","FRAME_BASIC","1550"
"412","FRAME_ADVANCE","1550"
"609","FRAME_ADVANCE","1551"
"610","FRAME_ADVANCE","1551"
"426","FRAME_BASIC","1552"
"417","FRAME_BASIC","1552"
"612","FRAME_ADVANCE","1552"
"1836","FRAME_ADVANCE","1553"
"644","FRAME_ADVANCE","1553"
"1822","FRAME_BASIC","1554"
"1845","FRAME_ADVANCE","1554"
"1849","FRAME_ADVANCE","1554"
"1827","FRAME_ADVANCE","1554"
"1828","FRAME_ADVANCE","1554"
"1823","FRAME_ADVANCE","1554"
"1094","FRAME_BASIC","1554"
"690","FRAME_BASIC","1554"
"678","FRAME_BASIC","1554"
"47","FRAME_BASIC","1554"
"688","FRAME_ADVANCE","1554"
"1455","FRAME_ADVANCE","1554"
"1453","FRAME_ADVANCE","1554"
"687","FRAME_ADVANCE","1554"
"2160","FRAME_RELATED","1555"
"1823","FRAME_BASIC","1555"
"1827","FRAME_BASIC","1555"
"1824","FRAME_BASIC","1555"
"1846","FRAME_ADVANCE","1555"
"1841","FRAME_ADVANCE","1555"
"1845","FRAME_ADVANCE","1555"
"1828","FRAME_ADVANCE","1555"
"1849","FRAME_ADVANCE","1555"
"1822","FRAME_ADVANCE","1555"
"1458","FRAME_BASIC","1555"
"708","FRAME_BASIC","1555"
"709","FRAME_BASIC","1555"
"713","FRAME_BASIC","1555"
"717","FRAME_ADVANCE","1555"
"714","FRAME_ADVANCE","1555"
"715","FRAME_ADVANCE","1556"
"802","FRAME_ADVANCE","1557"
"808","FRAME_ADVANCE","1557"
"820","FRAME_ADVANCE","1558"
"816","FRAME_ADVANCE","1558"
"811","FRAME_ADVANCE","1558"
"819","FRAME_ADVANCE","1558"
"818","FRAME_ADVANCE","1558"
"812","FRAME_ADVANCE","1558"
"902","FRAME_ADVANCE","1559"
"907","FRAME_ADVANCE","1559"
"903","FRAME_ADVANCE","1559"
"1850","FRAME_ADVANCE","1560"
"1165","FRAME_ADVANCE","1560"
"1869","FRAME_RELATED","1561"
"2159","FRAME_RELATED","1561"
"1849","FRAME_ADVANCE","1561"
"1839","FRAME_ADVANCE","1561"
"1417","FRAME_ADVANCE","1561"
"1517","FRAME_ADVANCE","1561"
"1424","FRAME_ADVANCE","1561"
"1899","FRAME_BASIC","1562"
"1911","FRAME_BASIC","1563"
"156","FRAME_BASIC","1563"
"1960","FRAME_BASIC","1564"
"1872","FRAME_RELATED","1565"
"37","FRAME_BASIC","1565"
"1839","FRAME_ADVANCE","1566"
"1836","FRAME_ADVANCE","1566"
"160","FRAME_BASIC","1566"
"41","FRAME_BASIC","1566"
"84","FRAME_BASIC","1567"
"88","FRAME_BASIC","1568"
"134","FRAME_BASIC","1569"
"196","FRAME_BASIC","1570"
"198","FRAME_BASIC","1571"
"1172","FRAME_BASIC","1571"
"407","FRAME_BASIC","1572"
"589","FRAME_BASIC","1572"
"469","FRAME_BASIC","1572"
"414","FRAME_BASIC","1573"
"1831","FRAME_ADVANCE","1574"
"513","FRAME_BASIC","1574"
"630","FRAME_BASIC","1575"
"1846","FRAME_ADVANCE","1576"
"702","FRAME_BASIC","1576"
"822","FRAME_BASIC","1577"
"981","FRAME_BASIC","1578"
"2159","FRAME_RELATED","1579"
"981","FRAME_BASIC","1579"
"1827","LANG_BASIC","1580"
"1838","LANG_BASIC","1580"
"1104","LANG_BASIC","1580"
"179","LANG_BASIC","1580"
"210","LANG_BASIC","1580"
"121","LANG_BASIC","1580"
"163","LANG_BASIC","1580"
"110","LANG_BASIC","1580"
"175","LANG_BASIC","1580"
"111","LANG_BASIC","1580"
"201","LANG_BASIC","1580"
"683","LANG_BASIC","1580"
"21","LANG_BASIC","1580"
"112","LANG_BASIC","1580"
"176","LANG_BASIC","1580"
"129","LANG_BASIC","1580"
"638","LANG_BASIC","1580"
"9","LANG_BASIC","1580"
"55","LANG_BASIC","1580"
"43","LANG_BASIC","1580"
"974","LANG_BASIC","1580"
"26","LANG_BASIC","1580"
"848","LANG_BASIC","1580"
"642","LANG_BASIC","1580"
"131","LANG_BASIC","1580"
"113","LANG_BASIC","1580"
"870","LANG_BASIC","1580"
"1001","LANG_BASIC","1580"
"1176","LANG_BASIC","1580"
"637","LANG_BASIC","1580"
"117","LANG_BASIC","1580"
"189","LANG_BASIC","1580"
"12","LANG_BASIC","1580"
"65","LANG_BASIC","1580"
"114","LANG_BASIC","1580"
"11","LANG_BASIC","1580"
"37","LANG_BASIC","1580"
"119","LANG_BASIC","1580"
"214","LANG_BASIC","1580"
"206","LANG_BASIC","1580"
"192","LANG_BASIC","1580"
"120","LANG_BASIC","1580"
"42","LANG_BASIC","1580"
"1002","LANG_BASIC","1580"
"22","LANG_BASIC","1580"
"147","LANG_BASIC","1580"
"118","LANG_BASIC","1580"
"684","LANG_BASIC","1580"
"15","LANG_BASIC","1580"
"51","LANG_BASIC","1580"
"46","LANG_BASIC","1580"
"64","LANG_BASIC","1580"
"187","LANG_BASIC","1580"
"1906","LANG_BASIC","1580"
"20","LANG_BASIC","1580"
"191","LANG_BASIC","1580"
"38","LANG_BASIC","1580"
"331","LANG_BASIC","1580"
"640","LANG_BASIC","1580"
"188","LANG_BASIC","1580"
"193","LANG_BASIC","1580"
"36","LANG_BASIC","1580"
"23","LANG_BASIC","1580"
"183","LANG_BASIC","1580"
"643","LANG_BASIC","1580"
"724","LANG_BASIC","1580"
"185","LANG_BASIC","1580"
"982","LANG_BASIC","1580"
"115","LANG_BASIC","1580"
"109","LANG_BASIC","1580"
"1105","LANG_BASIC","1580"
"194","LANG_BASIC","1580"
"182","LANG_BASIC","1580"
"99","LANG_BASIC","1580"
"195","LANG_BASIC","1580"
"40","LANG_BASIC","1580"
"41","LANG_BASIC","1580"
"1094","LANG_BASIC","1580"
"204","LANG_BASIC","1580"
"209","LANG_BASIC","1580"
"139","LANG_BASIC","1580"
"446","LANG_BASIC","1580"
"116","LANG_BASIC","1580"
"39","LANG_BASIC","1580"
"1100","LANG_BASIC","1580"
"1851","LANG_ADVANCE","1580"
"1841","LANG_ADVANCE","1580"
"1845","LANG_ADVANCE","1580"
"1826","LANG_ADVANCE","1580"
"1839","LANG_ADVANCE","1580"
"1823","LANG_ADVANCE","1580"
"1849","LANG_ADVANCE","1580"
"1844","LANG_ADVANCE","1580"
"1828","LANG_ADVANCE","1580"
"1846","LANG_ADVANCE","1580"
"1836","LANG_ADVANCE","1580"
"1850","LANG_ADVANCE","1580"
"1824","LANG_ADVANCE","1580"
"636","LANG_ADVANCE","1580"
"1896","LANG_ADVANCE","1580"
"16","LANG_ADVANCE","1580"
"647","LANG_ADVANCE","1580"
"1909","LANG_ADVANCE","1580"
"622","LANG_ADVANCE","1580"
"107","LANG_ADVANCE","1580"
"1516","LANG_ADVANCE","1580"
"1522","LANG_ADVANCE","1580"
"1907","LANG_ADVANCE","1580"
"1894","LANG_ADVANCE","1580"
"619","LANG_ADVANCE","1580"
"14","LANG_ADVANCE","1580"
"646","LANG_ADVANCE","1580"
"616","LANG_ADVANCE","1580"
"645","LANG_ADVANCE","1580"
"2","LANG_ADVANCE","1580"
"391","LANG_ADVANCE","1580"
"644","LANG_ADVANCE","1580"
"1521","LANG_ADVANCE","1580"
"620","LANG_ADVANCE","1580"
"728","LANG_ADVANCE","1580"
"1895","LANG_ADVANCE","1580"
"618","LANG_ADVANCE","1580"
"1908","LANG_ADVANCE","1580"
"108","LANG_ADVANCE","1580"
"124","LANG_ADVANCE","1580"
"56","LANG_ADVANCE","1580"
"1905","LANG_ADVANCE","1580"
"123","LANG_ADVANCE","1580"
"1518","LANG_ADVANCE","1580"
"1523","LANG_ADVANCE","1580"
"394","LANG_ADVANCE","1580"
"1520","LANG_ADVANCE","1580"
"641","LANG_ADVANCE","1580"
"392","LANG_ADVANCE","1580"
"800","LANG_ADVANCE","1580"
"734","LANG_ADVANCE","1580"
"736","LANG_ADVANCE","1580"
"635","LANG_ADVANCE","1580"
"1502","LANG_ADVANCE","1580"
"1910","LANG_ADVANCE","1580"
"732","LANG_ADVANCE","1580"
"1913","LANG_ADVANCE","1580"
"1897","LANG_ADVANCE","1580"
"1517","LANG_ADVANCE","1580"
"1898","LANG_ADVANCE","1580"
"393","LANG_ADVANCE","1580"
"639","LANG_ADVANCE","1580"
"1899","LANG_ADVANCE","1580"
"399","LANG_ADVANCE","1580"
"1515","LANG_ADVANCE","1580"
"1788","LANG_RELATED","1580"
"1772","LANG_RELATED","1580"
"2096","LANG_RELATED","1580"
"2268","LANG_RELATED","1580"
"1700","LANG_RELATED","1580"
"1620","LANG_RELATED","1580"
"1638","LANG_RELATED","1580"
"1632","LANG_RELATED","1580"
"1636","LANG_RELATED","1580"
"1525","LANG_RELATED","1580"
"2135","LANG_RELATED","1580"
"1838","LANG_BASIC","1581"
"1827","LANG_BASIC","1581"
"150","LANG_BASIC","1581"
"114","LANG_BASIC","1581"
"183","LANG_BASIC","1581"
"123","LANG_BASIC","1581"
"188","LANG_BASIC","1581"
"179","LANG_BASIC","1581"
"55","LANG_BASIC","1581"
"129","LANG_BASIC","1581"
"9","LANG_BASIC","1581"
"638","LANG_BASIC","1581"
"206","LANG_BASIC","1581"
"118","LANG_BASIC","1581"
"46","LANG_BASIC","1581"
"641","LANG_BASIC","1581"
"174","LANG_BASIC","1581"
"182","LANG_BASIC","1581"
"42","LANG_BASIC","1581"
"642","LANG_BASIC","1581"
"43","LANG_BASIC","1581"
"870","LANG_BASIC","1581"
"119","LANG_BASIC","1581"
"1068","LANG_BASIC","1581"
"848","LANG_BASIC","1581"
"36","LANG_BASIC","1581"
"643","LANG_BASIC","1581"
"26","LANG_BASIC","1581"
"191","LANG_BASIC","1581"
"193","LANG_BASIC","1581"
"209","LANG_BASIC","1581"
"38","LANG_BASIC","1581"
"163","LANG_BASIC","1581"
"20","LANG_BASIC","1581"
"22","LANG_BASIC","1581"
"23","LANG_BASIC","1581"
"15","LANG_BASIC","1581"
"110","LANG_BASIC","1581"
"1909","LANG_BASIC","1581"
"21","LANG_BASIC","1581"
"109","LANG_BASIC","1581"
"189","LANG_BASIC","1581"
"185","LANG_BASIC","1581"
"124","LANG_BASIC","1581"
"115","LANG_BASIC","1581"
"120","LANG_BASIC","1581"
"201","LANG_BASIC","1581"
"640","LANG_BASIC","1581"
"11","LANG_BASIC","1581"
"1002","LANG_BASIC","1581"
"99","LANG_BASIC","1581"
"121","LANG_BASIC","1581"
"1100","LANG_BASIC","1581"
"12","LANG_BASIC","1581"
"204","LANG_BASIC","1581"
"116","LANG_BASIC","1581"
"1906","LANG_BASIC","1581"
"187","LANG_BASIC","1581"
"192","LANG_BASIC","1581"
"1105","LANG_BASIC","1581"
"112","LANG_BASIC","1581"
"214","LANG_BASIC","1581"
"117","LANG_BASIC","1581"
"39","LANG_BASIC","1581"
"194","LANG_BASIC","1581"
"113","LANG_BASIC","1581"
"131","LANG_BASIC","1581"
"111","LANG_BASIC","1581"
"637","LANG_BASIC","1581"
"40","LANG_BASIC","1581"
"1001","LANG_BASIC","1581"
"37","LANG_BASIC","1581"
"137","LANG_BASIC","1581"
"1823","LANG_ADVANCE","1581"
"1845","LANG_ADVANCE","1581"
"1826","LANG_ADVANCE","1581"
"1824","LANG_ADVANCE","1581"
"1850","LANG_ADVANCE","1581"
"1851","LANG_ADVANCE","1581"
"1836","LANG_ADVANCE","1581"
"1846","LANG_ADVANCE","1581"
"1839","LANG_ADVANCE","1581"
"1895","LANG_ADVANCE","1581"
"1521","LANG_ADVANCE","1581"
"635","LANG_ADVANCE","1581"
"1518","LANG_ADVANCE","1581"
"619","LANG_ADVANCE","1581"
"1517","LANG_ADVANCE","1581"
"1894","LANG_ADVANCE","1581"
"1898","LANG_ADVANCE","1581"
"107","LANG_ADVANCE","1581"
"1896","LANG_ADVANCE","1581"
"394","LANG_ADVANCE","1581"
"636","LANG_ADVANCE","1581"
"1897","LANG_ADVANCE","1581"
"728","LANG_ADVANCE","1581"
"392","LANG_ADVANCE","1581"
"1899","LANG_ADVANCE","1581"
"1907","LANG_ADVANCE","1581"
"399","LANG_ADVANCE","1581"
"646","LANG_ADVANCE","1581"
"645","LANG_ADVANCE","1581"
"1912","LANG_ADVANCE","1581"
"1910","LANG_ADVANCE","1581"
"1523","LANG_ADVANCE","1581"
"1905","LANG_ADVANCE","1581"
"108","LANG_ADVANCE","1581"
"1502","LANG_ADVANCE","1581"
"1516","LANG_ADVANCE","1581"
"1522","LANG_ADVANCE","1581"
"16","LANG_ADVANCE","1581"
"639","LANG_ADVANCE","1581"
"647","LANG_ADVANCE","1581"
"622","LANG_ADVANCE","1581"
"644","LANG_ADVANCE","1581"
"732","LANG_ADVANCE","1581"
"618","LANG_ADVANCE","1581"
"391","LANG_ADVANCE","1581"
"616","LANG_ADVANCE","1581"
"1913","LANG_ADVANCE","1581"
"1515","LANG_ADVANCE","1581"
"2","LANG_ADVANCE","1581"
"1520","LANG_ADVANCE","1581"
"1901","LANG_ADVANCE","1581"
"14","LANG_ADVANCE","1581"
"1700","LANG_RELATED","1581"
"1772","LANG_RELATED","1581"
"2096","LANG_RELATED","1581"
"1788","LANG_RELATED","1581"
"1632","LANG_RELATED","1581"
"1638","LANG_RELATED","1581"
"1636","LANG_RELATED","1581"
"1525","LANG_RELATED","1581"
"1577","LANG_RELATED","1581"
"1553","LANG_RELATED","1581"
"1829","LANG_BASIC","1582"
"1838","LANG_BASIC","1582"
"979","LANG_BASIC","1582"
"1106","LANG_BASIC","1582"
"1349","LANG_BASIC","1582"
"669","LANG_BASIC","1582"
"215","LANG_BASIC","1582"
"150","LANG_BASIC","1582"
"147","LANG_BASIC","1582"
"134","LANG_BASIC","1582"
"139","LANG_BASIC","1582"
"666","LANG_BASIC","1582"
"90","LANG_BASIC","1582"
"141","LANG_BASIC","1582"
"149","LANG_BASIC","1582"
"131","LANG_BASIC","1582"
"1922","LANG_BASIC","1582"
"674","LANG_BASIC","1582"
"129","LANG_BASIC","1582"
"1927","LANG_BASIC","1582"
"676","LANG_BASIC","1582"
"446","LANG_BASIC","1582"
"1521","LANG_BASIC","1582"
"238","LANG_BASIC","1582"
"122","LANG_BASIC","1582"
"1522","LANG_BASIC","1582"
"980","LANG_BASIC","1582"
"870","LANG_BASIC","1582"
"1198","LANG_BASIC","1582"
"589","LANG_BASIC","1582"
"1960","LANG_BASIC","1582"
"148","LANG_BASIC","1582"
"142","LANG_BASIC","1582"
"1941","LANG_BASIC","1582"
"400","LANG_BASIC","1582"
"1917","LANG_BASIC","1582"
"1951","LANG_BASIC","1582"
"1959","LANG_BASIC","1582"
"1924","LANG_BASIC","1582"
"137","LANG_BASIC","1582"
"921","LANG_BASIC","1582"
"673","LANG_BASIC","1582"
"1915","LANG_BASIC","1582"
"1923","LANG_BASIC","1582"
"1954","LANG_BASIC","1582"
"973","LANG_BASIC","1582"
"671","LANG_BASIC","1582"
"128","LANG_BASIC","1582"
"1461","LANG_BASIC","1582"
"133","LANG_BASIC","1582"
"975","LANG_BASIC","1582"
"1844","LANG_ADVANCE","1582"
"1828","LANG_ADVANCE","1582"
"1830","LANG_ADVANCE","1582"
"1847","LANG_ADVANCE","1582"
"1846","LANG_ADVANCE","1582"
"1825","LANG_ADVANCE","1582"
"1823","LANG_ADVANCE","1582"
"1835","LANG_ADVANCE","1582"
"1827","LANG_ADVANCE","1582"
"1834","LANG_ADVANCE","1582"
"1840","LANG_ADVANCE","1582"
"1849","LANG_ADVANCE","1582"
"1839","LANG_ADVANCE","1582"
"1850","LANG_ADVANCE","1582"
"1833","LANG_ADVANCE","1582"
"1843","LANG_ADVANCE","1582"
"1842","LANG_ADVANCE","1582"
"1831","LANG_ADVANCE","1582"
"1845","LANG_ADVANCE","1582"
"465","LANG_ADVANCE","1582"
"977","LANG_ADVANCE","1582"
"125","LANG_ADVANCE","1582"
"217","LANG_ADVANCE","1582"
"535","LANG_ADVANCE","1582"
"929","LANG_ADVANCE","1582"
"1342","LANG_ADVANCE","1582"
"1389","LANG_ADVANCE","1582"
"919","LANG_ADVANCE","1582"
"489","LANG_ADVANCE","1582"
"583","LANG_ADVANCE","1582"
"140","LANG_ADVANCE","1582"
"900","LANG_ADVANCE","1582"
"748","LANG_ADVANCE","1582"
"930","LANG_ADVANCE","1582"
"409","LANG_ADVANCE","1582"
"1957","LANG_ADVANCE","1582"
"931","LANG_ADVANCE","1582"
"1333","LANG_ADVANCE","1582"
"136","LANG_ADVANCE","1582"
"444","LANG_ADVANCE","1582"
"475","LANG_ADVANCE","1582"
"665","LANG_ADVANCE","1582"
"449","LANG_ADVANCE","1582"
"146","LANG_ADVANCE","1582"
"1363","LANG_ADVANCE","1582"
"670","LANG_ADVANCE","1582"
"663","LANG_ADVANCE","1582"
"1896","LANG_ADVANCE","1582"
"773","LANG_ADVANCE","1582"
"664","LANG_ADVANCE","1582"
"1921","LANG_ADVANCE","1582"
"613","LANG_ADVANCE","1582"
"411","LANG_ADVANCE","1582"
"132","LANG_ADVANCE","1582"
"1913","LANG_ADVANCE","1582"
"585","LANG_ADVANCE","1582"
"1329","LANG_ADVANCE","1582"
"145","LANG_ADVANCE","1582"
"127","LANG_ADVANCE","1582"
"1334","LANG_ADVANCE","1582"
"405","LANG_ADVANCE","1582"
"1215","LANG_ADVANCE","1582"
"1185","LANG_ADVANCE","1582"
"1902","LANG_ADVANCE","1582"
"1331","LANG_ADVANCE","1582"
"416","LANG_ADVANCE","1582"
"1914","LANG_ADVANCE","1582"
"216","LANG_ADVANCE","1582"
"1336","LANG_ADVANCE","1582"
"1332","LANG_ADVANCE","1582"
"1220","LANG_ADVANCE","1582"
"675","LANG_ADVANCE","1582"
"1173","LANG_ADVANCE","1582"
"1901","LANG_ADVANCE","1582"
"1354","LANG_ADVANCE","1582"
"1351","LANG_ADVANCE","1582"
"1516","LANG_ADVANCE","1582"
"1313","LANG_ADVANCE","1582"
"935","LANG_ADVANCE","1582"
"413","LANG_ADVANCE","1582"
"1899","LANG_ADVANCE","1582"
"934","LANG_ADVANCE","1582"
"933","LANG_ADVANCE","1582"
"1317","LANG_ADVANCE","1582"
"939","LANG_ADVANCE","1582"
"1950","LANG_ADVANCE","1582"
"1335","LANG_ADVANCE","1582"
"1321","LANG_ADVANCE","1582"
"1216","LANG_ADVANCE","1582"
"1956","LANG_ADVANCE","1582"
"513","LANG_ADVANCE","1582"
"1343","LANG_ADVANCE","1582"
"81","LANG_ADVANCE","1582"
"1943","LANG_ADVANCE","1582"
"1955","LANG_ADVANCE","1582"
"1942","LANG_ADVANCE","1582"
"1345","LANG_ADVANCE","1582"
"1312","LANG_ADVANCE","1582"
"918","LANG_ADVANCE","1582"
"1382","LANG_ADVANCE","1582"
"672","LANG_ADVANCE","1582"
"922","LANG_ADVANCE","1582"
"1316","LANG_ADVANCE","1582"
"1385","LANG_ADVANCE","1582"
"452","LANG_ADVANCE","1582"
"80","LANG_ADVANCE","1582"
"1181","LANG_ADVANCE","1582"
"1448","LANG_ADVANCE","1582"
"1410","LANG_ADVANCE","1582"
"1918","LANG_ADVANCE","1582"
"1322","LANG_ADVANCE","1582"
"1182","LANG_ADVANCE","1582"
"1099","LANG_ADVANCE","1582"
"1949","LANG_ADVANCE","1582"
"1961","LANG_ADVANCE","1582"
"1324","LANG_ADVANCE","1582"
"151","LANG_ADVANCE","1582"
"1318","LANG_ADVANCE","1582"
"442","LANG_ADVANCE","1582"
"1014","LANG_ADVANCE","1582"
"469","LANG_ADVANCE","1582"
"1330","LANG_ADVANCE","1582"
"970","LANG_ADVANCE","1582"
"1905","LANG_ADVANCE","1582"
"1916","LANG_ADVANCE","1582"
"1414","LANG_ADVANCE","1582"
"1946","LANG_ADVANCE","1582"
"126","LANG_ADVANCE","1582"
"1929","LANG_ADVANCE","1582"
"1920","LANG_ADVANCE","1582"
"143","LANG_ADVANCE","1582"
"761","LANG_ADVANCE","1582"
"88","LANG_ADVANCE","1582"
"667","LANG_ADVANCE","1582"
"573","LANG_ADVANCE","1582"
"1907","LANG_ADVANCE","1582"
"414","LANG_ADVANCE","1582"
"194","LANG_ADVANCE","1582"
"801","LANG_ADVANCE","1582"
"971","LANG_ADVANCE","1582"
"668","LANG_ADVANCE","1582"
"941","LANG_ADVANCE","1582"
"1327","LANG_ADVANCE","1582"
"1338","LANG_ADVANCE","1582"
"645","LANG_ADVANCE","1582"
"978","LANG_ADVANCE","1582"
"1346","LANG_ADVANCE","1582"
"1952","LANG_ADVANCE","1582"
"1221","LANG_ADVANCE","1582"
"1340","LANG_ADVANCE","1582"
"1498","LANG_ADVANCE","1582"
"1326","LANG_ADVANCE","1582"
"777","LANG_ADVANCE","1582"
"412","LANG_ADVANCE","1582"
"1314","LANG_ADVANCE","1582"
"124","LANG_ADVANCE","1582"
"1386","LANG_ADVANCE","1582"
"1944","LANG_ADVANCE","1582"
"754","LANG_ADVANCE","1582"
"1212","LANG_ADVANCE","1582"
"1328","LANG_ADVANCE","1582"
"677","LANG_ADVANCE","1582"
"1919","LANG_ADVANCE","1582"
"123","LANG_ADVANCE","1582"
"1953","LANG_ADVANCE","1582"
"415","LANG_ADVANCE","1582"
"1102","LANG_ADVANCE","1582"
"893","LANG_ADVANCE","1582"
"1928","LANG_ADVANCE","1582"
"2076","LANG_RELATED","1582"
"1697","LANG_RELATED","1582"
"2269","LANG_RELATED","1582"
"2259","LANG_RELATED","1582"
"2128","LANG_RELATED","1582"
"1794","LANG_RELATED","1582"
"2096","LANG_RELATED","1582"
"1705","LANG_RELATED","1582"
"1691","LANG_RELATED","1582"
"1773","LANG_RELATED","1582"
"1779","LANG_RELATED","1582"
"2086","LANG_RELATED","1582"
"1699","LANG_RELATED","1582"
"1713","LANG_RELATED","1582"
"1753","LANG_RELATED","1582"
"1764","LANG_RELATED","1582"
"1613","LANG_RELATED","1582"
"1892","LANG_RELATED","1582"
"1992","LANG_RELATED","1582"
"1889","LANG_RELATED","1582"
"1644","LANG_RELATED","1582"
"1627","LANG_RELATED","1582"
"1667","LANG_RELATED","1582"
"1618","LANG_RELATED","1582"
"1661","LANG_RELATED","1582"
"1628","LANG_RELATED","1582"
"1611","LANG_RELATED","1582"
"2048","LANG_RELATED","1582"
"1624","LANG_RELATED","1582"
"1614","LANG_RELATED","1582"
"1872","LANG_RELATED","1582"
"1649","LANG_RELATED","1582"
"1610","LANG_RELATED","1582"
"1673","LANG_RELATED","1582"
"1626","LANG_RELATED","1582"
"2182","LANG_RELATED","1582"
"1547","LANG_RELATED","1582"
"1560","LANG_RELATED","1582"
"1552","LANG_RELATED","1582"
"2150","LANG_RELATED","1582"
"2149","LANG_RELATED","1582"
"1548","LANG_RELATED","1582"
"1574","LANG_RELATED","1582"
"2134","LANG_RELATED","1582"
"1527","LANG_RELATED","1582"
"1568","LANG_RELATED","1582"
"2146","LANG_RELATED","1582"
"2129","LANG_RELATED","1582"
"1572","LANG_RELATED","1582"
"2136","LANG_RELATED","1582"
"1545","LANG_RELATED","1582"
"1529","LANG_RELATED","1582"
"1528","LANG_RELATED","1582"
"2154","LANG_RELATED","1582"
"2151","LANG_RELATED","1582"
"1569","LANG_RELATED","1582"
"2137","LANG_RELATED","1582"
"1549","LANG_RELATED","1582"
"1825","LANG_BASIC","1583"
"1903","LANG_BASIC","1583"
"189","LANG_BASIC","1583"
"62","LANG_BASIC","1583"
"50","LANG_BASIC","1583"
"627","LANG_BASIC","1583"
"9","LANG_BASIC","1583"
"182","LANG_BASIC","1583"
"112","LANG_BASIC","1583"
"57","LANG_BASIC","1583"
"214","LANG_BASIC","1583"
"633","LANG_BASIC","1583"
"137","LANG_BASIC","1583"
"119","LANG_BASIC","1583"
"192","LANG_BASIC","1583"
"843","LANG_BASIC","1583"
"115","LANG_BASIC","1583"
"116","LANG_BASIC","1583"
"183","LANG_BASIC","1583"
"19","LANG_BASIC","1583"
"22","LANG_BASIC","1583"
"184","LANG_BASIC","1583"
"1894","LANG_BASIC","1583"
"193","LANG_BASIC","1583"
"201","LANG_BASIC","1583"
"46","LANG_BASIC","1583"
"113","LANG_BASIC","1583"
"43","LANG_BASIC","1583"
"37","LANG_BASIC","1583"
"629","LANG_BASIC","1583"
"118","LANG_BASIC","1583"
"114","LANG_BASIC","1583"
"40","LANG_BASIC","1583"
"39","LANG_BASIC","1583"
"24","LANG_BASIC","1583"
"27","LANG_BASIC","1583"
"48","LANG_BASIC","1583"
"133","LANG_BASIC","1583"
"120","LANG_BASIC","1583"
"26","LANG_BASIC","1583"
"1018","LANG_BASIC","1583"
"34","LANG_BASIC","1583"
"188","LANG_BASIC","1583"
"25","LANG_BASIC","1583"
"20","LANG_BASIC","1583"
"1895","LANG_BASIC","1583"
"724","LANG_BASIC","1583"
"181","LANG_BASIC","1583"
"205","LANG_BASIC","1583"
"185","LANG_BASIC","1583"
"210","LANG_BASIC","1583"
"30","LANG_BASIC","1583"
"204","LANG_BASIC","1583"
"209","LANG_BASIC","1583"
"186","LANG_BASIC","1583"
"23","LANG_BASIC","1583"
"38","LANG_BASIC","1583"
"54","LANG_BASIC","1583"
"1897","LANG_BASIC","1583"
"47","LANG_BASIC","1583"
"61","LANG_BASIC","1583"
"1068","LANG_BASIC","1583"
"29","LANG_BASIC","1583"
"1100","LANG_BASIC","1583"
"331","LANG_BASIC","1583"
"58","LANG_BASIC","1583"
"51","LANG_BASIC","1583"
"117","LANG_BASIC","1583"
"302","LANG_BASIC","1583"
"59","LANG_BASIC","1583"
"194","LANG_BASIC","1583"
"36","LANG_BASIC","1583"
"1952","LANG_BASIC","1583"
"65","LANG_BASIC","1583"
"42","LANG_BASIC","1583"
"52","LANG_BASIC","1583"
"187","LANG_BASIC","1583"
"21","LANG_BASIC","1583"
"66","LANG_BASIC","1583"
"11","LANG_BASIC","1583"
"121","LANG_BASIC","1583"
"1896","LANG_BASIC","1583"
"41","LANG_BASIC","1583"
"211","LANG_BASIC","1583"
"1105","LANG_BASIC","1583"
"1851","LANG_ADVANCE","1583"
"1846","LANG_ADVANCE","1583"
"1841","LANG_ADVANCE","1583"
"1843","LANG_ADVANCE","1583"
"1833","LANG_ADVANCE","1583"
"1838","LANG_ADVANCE","1583"
"1836","LANG_ADVANCE","1583"
"1845","LANG_ADVANCE","1583"
"1842","LANG_ADVANCE","1583"
"1844","LANG_ADVANCE","1583"
"1823","LANG_ADVANCE","1583"
"1839","LANG_ADVANCE","1583"
"1849","LANG_ADVANCE","1583"
"1827","LANG_ADVANCE","1583"
"1848","LANG_ADVANCE","1583"
"1826","LANG_ADVANCE","1583"
"1828","LANG_ADVANCE","1583"
"1850","LANG_ADVANCE","1583"
"1904","LANG_ADVANCE","1583"
"1172","LANG_ADVANCE","1583"
"1516","LANG_ADVANCE","1583"
"1417","LANG_ADVANCE","1583"
"631","LANG_ADVANCE","1583"
"1910","LANG_ADVANCE","1583"
"17","LANG_ADVANCE","1583"
"1905","LANG_ADVANCE","1583"
"773","LANG_ADVANCE","1583"
"734","LANG_ADVANCE","1583"
"1521","LANG_ADVANCE","1583"
"800","LANG_ADVANCE","1583"
"646","LANG_ADVANCE","1583"
"1518","LANG_ADVANCE","1583"
"1523","LANG_ADVANCE","1583"
"198","LANG_ADVANCE","1583"
"1517","LANG_ADVANCE","1583"
"1907","LANG_ADVANCE","1583"
"1898","LANG_ADVANCE","1583"
"32","LANG_ADVANCE","1583"
"207","LANG_ADVANCE","1583"
"160","LANG_ADVANCE","1583"
"395","LANG_ADVANCE","1583"
"628","LANG_ADVANCE","1583"
"1455","LANG_ADVANCE","1583"
"1913","LANG_ADVANCE","1583"
"625","LANG_ADVANCE","1583"
"63","LANG_ADVANCE","1583"
"190","LANG_ADVANCE","1583"
"645","LANG_ADVANCE","1583"
"1906","LANG_ADVANCE","1583"
"624","LANG_ADVANCE","1583"
"440","LANG_ADVANCE","1583"
"728","LANG_ADVANCE","1583"
"1496","LANG_ADVANCE","1583"
"206","LANG_ADVANCE","1583"
"202","LANG_ADVANCE","1583"
"199","LANG_ADVANCE","1583"
"393","LANG_ADVANCE","1583"
"626","LANG_ADVANCE","1583"
"391","LANG_ADVANCE","1583"
"647","LANG_ADVANCE","1583"
"33","LANG_ADVANCE","1583"
"60","LANG_ADVANCE","1583"
"31","LANG_ADVANCE","1583"
"1515","LANG_ADVANCE","1583"
"644","LANG_ADVANCE","1583"
"14","LANG_ADVANCE","1583"
"639","LANG_ADVANCE","1583"
"1899","LANG_ADVANCE","1583"
"732","LANG_ADVANCE","1583"
"200","LANG_ADVANCE","1583"
"1522","LANG_ADVANCE","1583"
"1520","LANG_ADVANCE","1583"
"16","LANG_ADVANCE","1583"
"630","LANG_ADVANCE","1583"
"197","LANG_ADVANCE","1583"
"28","LANG_ADVANCE","1583"
"634","LANG_ADVANCE","1583"
"632","LANG_ADVANCE","1583"
"208","LANG_ADVANCE","1583"
"1908","LANG_ADVANCE","1583"
"1720","LANG_RELATED","1583"
"1772","LANG_RELATED","1583"
"1692","LANG_RELATED","1583"
"2264","LANG_RELATED","1583"
"1789","LANG_RELATED","1583"
"2259","LANG_RELATED","1583"
"1788","LANG_RELATED","1583"
"2268","LANG_RELATED","1583"
"1735","LANG_RELATED","1583"
"1794","LANG_RELATED","1583"
"2096","LANG_RELATED","1583"
"1700","LANG_RELATED","1583"
"1752","LANG_RELATED","1583"
"1638","LANG_RELATED","1583"
"1628","LANG_RELATED","1583"
"1634","LANG_RELATED","1583"
"1620","LANG_RELATED","1583"
"1611","LANG_RELATED","1583"
"1632","LANG_RELATED","1583"
"2182","LANG_RELATED","1583"
"1636","LANG_RELATED","1583"
"1563","LANG_RELATED","1583"
"2152","LANG_RELATED","1583"
"2138","LANG_RELATED","1583"
"2147","LANG_RELATED","1583"
"1575","LANG_RELATED","1583"
"2148","LANG_RELATED","1583"
"1525","LANG_RELATED","1583"
"2156","LANG_RELATED","1583"
"1560","LANG_RELATED","1583"
"1566","LANG_RELATED","1583"
"1546","LANG_RELATED","1583"
"1535","LANG_RELATED","1583"
"1537","LANG_RELATED","1583"
"1543","LANG_RELATED","1583"
"1561","LANG_RELATED","1583"
"2130","LANG_RELATED","1583"
"2139","LANG_RELATED","1583"
"1858","LANG_RELATED","1583"
"1571","LANG_RELATED","1583"
"1532","LANG_RELATED","1583"
"2131","LANG_RELATED","1583"
"2132","LANG_RELATED","1583"
"2142","LANG_RELATED","1583"
"1536","LANG_RELATED","1583"
"1534","LANG_RELATED","1583"
"1835","LANG_BASIC","1584"
"1847","LANG_BASIC","1584"
"682","LANG_BASIC","1584"
"679","LANG_BASIC","1584"
"422","LANG_BASIC","1584"
"686","LANG_BASIC","1584"
"420","LANG_BASIC","1584"
"870","LANG_BASIC","1584"
"316","LANG_BASIC","1584"
"691","LANG_BASIC","1584"
"678","LANG_BASIC","1584"
"320","LANG_BASIC","1584"
"684","LANG_BASIC","1584"
"426","LANG_BASIC","1584"
"92","LANG_BASIC","1584"
"417","LANG_BASIC","1584"
"681","LANG_BASIC","1584"
"683","LANG_BASIC","1584"
"423","LANG_BASIC","1584"
"1094","LANG_BASIC","1584"
"83","LANG_BASIC","1584"
"47","LANG_BASIC","1584"
"680","LANG_BASIC","1584"
"425","LANG_BASIC","1584"
"427","LANG_BASIC","1584"
"89","LANG_BASIC","1584"
"424","LANG_BASIC","1584"
"419","LANG_BASIC","1584"
"1822","LANG_ADVANCE","1584"
"1849","LANG_ADVANCE","1584"
"1842","LANG_ADVANCE","1584"
"1844","LANG_ADVANCE","1584"
"1833","LANG_ADVANCE","1584"
"1850","LANG_ADVANCE","1584"
"1828","LANG_ADVANCE","1584"
"1841","LANG_ADVANCE","1584"
"1843","LANG_ADVANCE","1584"
"1839","LANG_ADVANCE","1584"
"1848","LANG_ADVANCE","1584"
"1838","LANG_ADVANCE","1584"
"1845","LANG_ADVANCE","1584"
"1846","LANG_ADVANCE","1584"
"1831","LANG_ADVANCE","1584"
"1823","LANG_ADVANCE","1584"
"1901","LANG_ADVANCE","1584"
"704","LANG_ADVANCE","1584"
"421","LANG_ADVANCE","1584"
"690","LANG_ADVANCE","1584"
"1455","LANG_ADVANCE","1584"
"454","LANG_ADVANCE","1584"
"418","LANG_ADVANCE","1584"
"1453","LANG_ADVANCE","1584"
"458","LANG_ADVANCE","1584"
"689","LANG_ADVANCE","1584"
"488","LANG_ADVANCE","1584"
"687","LANG_ADVANCE","1584"
"801","LANG_ADVANCE","1584"
"453","LANG_ADVANCE","1584"
"688","LANG_ADVANCE","1584"
"692","LANG_ADVANCE","1584"
"451","LANG_ADVANCE","1584"
"1454","LANG_ADVANCE","1584"
"685","LANG_ADVANCE","1584"
"1900","LANG_ADVANCE","1584"
"1164","LANG_ADVANCE","1584"
"1243","LANG_ADVANCE","1584"
"1163","LANG_ADVANCE","1584"
"457","LANG_ADVANCE","1584"
"493","LANG_ADVANCE","1584"
"455","LANG_ADVANCE","1584"
"609","LANG_ADVANCE","1584"
"610","LANG_ADVANCE","1584"
"1946","LANG_ADVANCE","1584"
"85","LANG_ADVANCE","1584"
"2061","LANG_RELATED","1584"
"1792","LANG_RELATED","1584"
"2088","LANG_RELATED","1584"
"1791","LANG_RELATED","1584"
"2096","LANG_RELATED","1584"
"1700","LANG_RELATED","1584"
"1754","LANG_RELATED","1584"
"1709","LANG_RELATED","1584"
"1733","LANG_RELATED","1584"
"2128","LANG_RELATED","1584"
"1753","LANG_RELATED","1584"
"2097","LANG_RELATED","1584"
"2120","LANG_RELATED","1584"
"2125","LANG_RELATED","1584"
"1712","LANG_RELATED","1584"
"1794","LANG_RELATED","1584"
"1793","LANG_RELATED","1584"
"1698","LANG_RELATED","1584"
"1619","LANG_RELATED","1584"
"1660","LANG_RELATED","1584"
"1639","LANG_RELATED","1584"
"2044","LANG_RELATED","1584"
"1611","LANG_RELATED","1584"
"2180","LANG_RELATED","1584"
"2045","LANG_RELATED","1584"
"2049","LANG_RELATED","1584"
"1628","LANG_RELATED","1584"
"2182","LANG_RELATED","1584"
"2047","LANG_RELATED","1584"
"2160","LANG_RELATED","1584"
"2159","LANG_RELATED","1584"
"1650","LANG_RELATED","1584"
"1610","LANG_RELATED","1584"
"1661","LANG_RELATED","1584"
"2133","LANG_RELATED","1584"
"2143","LANG_RELATED","1584"
"2155","LANG_RELATED","1584"
"1554","LANG_RELATED","1584"
"1540","LANG_RELATED","1584"
"2140","LANG_RELATED","1584"
"1859","LANG_RELATED","1584"
"1551","LANG_RELATED","1584"
"1838","LANG_BASIC","1585"
"1827","LANG_BASIC","1585"
"1843","LANG_BASIC","1585"
"179","LANG_BASIC","1585"
"1895","LANG_BASIC","1585"
"927","LANG_BASIC","1585"
"174","LANG_BASIC","1585"
"1909","LANG_BASIC","1585"
"1896","LANG_BASIC","1585"
"302","LANG_BASIC","1585"
"1894","LANG_BASIC","1585"
"177","LANG_BASIC","1585"
"180","LANG_BASIC","1585"
"916","LANG_BASIC","1585"
"1018","LANG_BASIC","1585"
"972","LANG_BASIC","1585"
"192","LANG_BASIC","1585"
"869","LANG_BASIC","1585"
"1897","LANG_BASIC","1585"
"193","LANG_BASIC","1585"
"167","LANG_BASIC","1585"
"176","LANG_BASIC","1585"
"178","LANG_BASIC","1585"
"173","LANG_BASIC","1585"
"735","LANG_BASIC","1585"
"168","LANG_BASIC","1585"
"175","LANG_BASIC","1585"
"181","LANG_BASIC","1585"
"195","LANG_BASIC","1585"
"1841","LANG_ADVANCE","1585"
"1844","LANG_ADVANCE","1585"
"1823","LANG_ADVANCE","1585"
"1828","LANG_ADVANCE","1585"
"1845","LANG_ADVANCE","1585"
"1846","LANG_ADVANCE","1585"
"1849","LANG_ADVANCE","1585"
"1833","LANG_ADVANCE","1585"
"729","LANG_ADVANCE","1585"
"1907","LANG_ADVANCE","1585"
"737","LANG_ADVANCE","1585"
"190","LANG_ADVANCE","1585"
"734","LANG_ADVANCE","1585"
"728","LANG_ADVANCE","1585"
"974","LANG_ADVANCE","1585"
"726","LANG_ADVANCE","1585"
"723","LANG_ADVANCE","1585"
"1902","LANG_ADVANCE","1585"
"170","LANG_ADVANCE","1585"
"867","LANG_ADVANCE","1585"
"1523","LANG_ADVANCE","1585"
"171","LANG_ADVANCE","1585"
"724","LANG_ADVANCE","1585"
"733","LANG_ADVANCE","1585"
"725","LANG_ADVANCE","1585"
"169","LANG_ADVANCE","1585"
"731","LANG_ADVANCE","1585"
"736","LANG_ADVANCE","1585"
"172","LANG_ADVANCE","1585"
"732","LANG_ADVANCE","1585"
"1521","LANG_ADVANCE","1585"
"727","LANG_ADVANCE","1585"
"982","LANG_ADVANCE","1585"
"730","LANG_ADVANCE","1585"
"1516","LANG_ADVANCE","1585"
"645","LANG_ADVANCE","1585"
"1794","LANG_RELATED","1585"
"1711","LANG_RELATED","1585"
"2128","LANG_RELATED","1585"
"2259","LANG_RELATED","1585"
"1809","LANG_RELATED","1585"
"1753","LANG_RELATED","1585"
"2096","LANG_RELATED","1585"
"2033","LANG_RELATED","1585"
"2182","LANG_RELATED","1585"
"1611","LANG_RELATED","1585"
"2045","LANG_RELATED","1585"
"1639","LANG_RELATED","1585"
"2051","LANG_RELATED","1585"
"2048","LANG_RELATED","1585"
"1620","LANG_RELATED","1585"
"2160","LANG_RELATED","1585"
"2145","LANG_RELATED","1585"
"1560","LANG_RELATED","1585"
"1552","LANG_RELATED","1585"
"1524","LANG_RELATED","1585"
"1992","LANG_RELATED","1586"
"1847","LANG_BASIC","1586"
"1849","LANG_ADVANCE","1586"
"1841","LANG_ADVANCE","1586"
"1823","LANG_ADVANCE","1586"
"1840","LANG_ADVANCE","1586"
"1846","LANG_ADVANCE","1586"
"1833","LANG_ADVANCE","1586"
"1848","LANG_ADVANCE","1586"
"1843","LANG_ADVANCE","1586"
"1828","LANG_ADVANCE","1586"
"1844","LANG_ADVANCE","1586"
"1845","LANG_ADVANCE","1586"
"870","LANG_BASIC","1586"
"805","LANG_ADVANCE","1586"
"797","LANG_ADVANCE","1586"
"802","LANG_ADVANCE","1586"
"796","LANG_ADVANCE","1586"
"810","LANG_ADVANCE","1586"
"799","LANG_ADVANCE","1586"
"1902","LANG_ADVANCE","1586"
"801","LANG_ADVANCE","1586"
"803","LANG_ADVANCE","1586"
"807","LANG_ADVANCE","1586"
"806","LANG_ADVANCE","1586"
"800","LANG_ADVANCE","1586"
"808","LANG_ADVANCE","1586"
"809","LANG_ADVANCE","1586"
"798","LANG_ADVANCE","1586"
"804","LANG_ADVANCE","1586"
"436","LANG_BASIC","1587"
"429","LANG_BASIC","1587"
"693","LANG_BASIC","1587"
"870","LANG_BASIC","1587"
"695","LANG_BASIC","1587"
"707","LANG_BASIC","1587"
"1828","LANG_BASIC","1587"
"1945","LANG_ADVANCE","1587"
"704","LANG_ADVANCE","1587"
"697","LANG_ADVANCE","1587"
"700","LANG_ADVANCE","1587"
"694","LANG_ADVANCE","1587"
"703","LANG_ADVANCE","1587"
"491","LANG_ADVANCE","1587"
"983","LANG_ADVANCE","1587"
"706","LANG_ADVANCE","1587"
"701","LANG_ADVANCE","1587"
"431","LANG_ADVANCE","1587"
"699","LANG_ADVANCE","1587"
"698","LANG_ADVANCE","1587"
"705","LANG_ADVANCE","1587"
"490","LANG_ADVANCE","1587"
"1850","LANG_ADVANCE","1587"
"1833","LANG_ADVANCE","1587"
"1844","LANG_ADVANCE","1587"
"1845","LANG_ADVANCE","1587"
"1838","LANG_ADVANCE","1587"
"1835","LANG_ADVANCE","1587"
"1840","LANG_ADVANCE","1587"
"1822","LANG_ADVANCE","1587"
"1831","LANG_ADVANCE","1587"
"1846","LANG_ADVANCE","1587"
"1839","LANG_ADVANCE","1587"
"1843","LANG_ADVANCE","1587"
"1823","LANG_ADVANCE","1587"
"1842","LANG_ADVANCE","1587"
"1834","LANG_ADVANCE","1587"
"1848","LANG_ADVANCE","1587"
"1849","LANG_ADVANCE","1587"
"1739","LANG_RELATED","1587"
"1794","LANG_RELATED","1587"
"1716","LANG_RELATED","1587"
"2270","LANG_RELATED","1587"
"2088","LANG_RELATED","1587"
"2273","LANG_RELATED","1587"
"1773","LANG_RELATED","1587"
"2096","LANG_RELATED","1587"
"1701","LANG_RELATED","1587"
"1698","LANG_RELATED","1587"
"1713","LANG_RELATED","1587"
"2086","LANG_RELATED","1587"
"1649","LANG_RELATED","1587"
"1610","LANG_RELATED","1587"
"2044","LANG_RELATED","1587"
"2150","LANG_RELATED","1587"
"2137","LANG_RELATED","1587"
"1541","LANG_RELATED","1587"
"2140","LANG_RELATED","1587"
"2141","LANG_RELATED","1587"
"1648","LANG_RELATED","1587"
"1611","LANG_RELATED","1587"
"1619","LANG_RELATED","1587"
"2182","LANG_RELATED","1587"
"2159","LANG_RELATED","1587"
"1989","LANG_RELATED","1587"
"1849","LANG_BASIC","1588"
"1835","LANG_BASIC","1588"
"1823","LANG_BASIC","1588"
"6","LANG_BASIC","1588"
"720","LANG_BASIC","1588"
"10","LANG_BASIC","1588"
"722","LANG_BASIC","1588"
"5","LANG_BASIC","1588"
"0","LANG_BASIC","1588"
"721","LANG_BASIC","1588"
"75","LANG_BASIC","1588"
"1458","LANG_BASIC","1588"
"708","LANG_BASIC","1588"
"3","LANG_BASIC","1588"
"4","LANG_BASIC","1588"
"969","LANG_BASIC","1588"
"8","LANG_BASIC","1588"
"72","LANG_ADVANCE","1588"
"710","LANG_ADVANCE","1588"
"712","LANG_ADVANCE","1588"
"718","LANG_ADVANCE","1588"
"77","LANG_ADVANCE","1588"
"67","LANG_ADVANCE","1588"
"9","LANG_ADVANCE","1588"
"70","LANG_ADVANCE","1588"
"7","LANG_ADVANCE","1588"
"702","LANG_ADVANCE","1588"
"71","LANG_ADVANCE","1588"
"979","LANG_ADVANCE","1588"
"709","LANG_ADVANCE","1588"
"716","LANG_ADVANCE","1588"
"717","LANG_ADVANCE","1588"
"74","LANG_ADVANCE","1588"
"714","LANG_ADVANCE","1588"
"2","LANG_ADVANCE","1588"
"871","LANG_ADVANCE","1588"
"1168","LANG_ADVANCE","1588"
"715","LANG_ADVANCE","1588"
"78","LANG_ADVANCE","1588"
"981","LANG_ADVANCE","1588"
"719","LANG_ADVANCE","1588"
"69","LANG_ADVANCE","1588"
"73","LANG_ADVANCE","1588"
"713","LANG_ADVANCE","1588"
"711","LANG_ADVANCE","1588"
"1833","LANG_ADVANCE","1588"
"1838","LANG_ADVANCE","1588"
"1846","LANG_ADVANCE","1588"
"1844","LANG_ADVANCE","1588"
"1839","LANG_ADVANCE","1588"
"1845","LANG_ADVANCE","1588"
"1843","LANG_ADVANCE","1588"
"1842","LANG_ADVANCE","1588"
"1735","LANG_RELATED","1588"
"2128","LANG_RELATED","1588"
"2263","LANG_RELATED","1588"
"2271","LANG_RELATED","1588"
"1778","LANG_RELATED","1588"
"1701","LANG_RELATED","1588"
"2270","LANG_RELATED","1588"
"1794","LANG_RELATED","1588"
"2096","LANG_RELATED","1588"
"1619","LANG_RELATED","1588"
"2044","LANG_RELATED","1588"
"2161","LANG_RELATED","1588"
"1648","LANG_RELATED","1588"
"1628","LANG_RELATED","1588"
"2045","LANG_RELATED","1588"
"1579","LANG_RELATED","1588"
"2157","LANG_RELATED","1588"
"1560","LANG_RELATED","1588"
"2135","LANG_RELATED","1588"
"2137","LANG_RELATED","1588"
"1556","LANG_RELATED","1588"
"1578","LANG_RELATED","1588"
"1558","LANG_RELATED","1588"
"1576","LANG_RELATED","1588"
"1555","LANG_RELATED","1588"
"1794","LANG_RELATED","1589"
"1753","LANG_RELATED","1589"
"2096","LANG_RELATED","1589"
"1611","LANG_RELATED","1589"
"2182","LANG_RELATED","1589"
"1850","LANG_ADVANCE","1589"
"1828","LANG_ADVANCE","1589"
"1831","LANG_ADVANCE","1589"
"1830","LANG_ADVANCE","1589"
"1833","LANG_ADVANCE","1589"
"84","LANG_BASIC","1589"
"785","LANG_BASIC","1589"
"793","LANG_BASIC","1589"
"782","LANG_BASIC","1589"
"789","LANG_ADVANCE","1589"
"786","LANG_ADVANCE","1589"
"788","LANG_ADVANCE","1589"
"792","LANG_ADVANCE","1589"
"783","LANG_ADVANCE","1589"
"784","LANG_ADVANCE","1589"
"790","LANG_ADVANCE","1589"
"781","LANG_ADVANCE","1589"
"791","LANG_ADVANCE","1589"
"795","LANG_ADVANCE","1589"
"794","LANG_ADVANCE","1589"
"80","LANG_ADVANCE","1589"
"787","LANG_ADVANCE","1589"
"88","LANG_ADVANCE","1589"
"165","LANG_BASIC","1590"
"847","LANG_BASIC","1590"
"849","LANG_BASIC","1590"
"160","LANG_BASIC","1590"
"842","LANG_BASIC","1590"
"153","LANG_BASIC","1590"
"161","LANG_BASIC","1590"
"164","LANG_BASIC","1590"
"152","LANG_BASIC","1590"
"155","LANG_BASIC","1590"
"1847","LANG_BASIC","1590"
"1838","LANG_BASIC","1590"
"166","LANG_ADVANCE","1590"
"855","LANG_ADVANCE","1590"
"162","LANG_ADVANCE","1590"
"850","LANG_ADVANCE","1590"
"846","LANG_ADVANCE","1590"
"845","LANG_ADVANCE","1590"
"848","LANG_ADVANCE","1590"
"854","LANG_ADVANCE","1590"
"159","LANG_ADVANCE","1590"
"853","LANG_ADVANCE","1590"
"851","LANG_ADVANCE","1590"
"156","LANG_ADVANCE","1590"
"163","LANG_ADVANCE","1590"
"154","LANG_ADVANCE","1590"
"158","LANG_ADVANCE","1590"
"852","LANG_ADVANCE","1590"
"843","LANG_ADVANCE","1590"
"844","LANG_ADVANCE","1590"
"841","LANG_ADVANCE","1590"
"157","LANG_ADVANCE","1590"
"1842","LANG_ADVANCE","1590"
"1848","LANG_ADVANCE","1590"
"1828","LANG_ADVANCE","1590"
"1849","LANG_ADVANCE","1590"
"1827","LANG_ADVANCE","1590"
"1841","LANG_ADVANCE","1590"
"1833","LANG_ADVANCE","1590"
"1845","LANG_ADVANCE","1590"
"2076","LANG_RELATED","1590"
"2267","LANG_RELATED","1590"
"2096","LANG_RELATED","1590"
"1753","LANG_RELATED","1590"
"1766","LANG_RELATED","1590"
"2265","LANG_RELATED","1590"
"2266","LANG_RELATED","1590"
"1560","LANG_RELATED","1590"
"2045","LANG_RELATED","1590"
"1639","LANG_RELATED","1590"
"1628","LANG_RELATED","1590"
"2182","LANG_RELATED","1590"
"1611","LANG_RELATED","1590"
"2259","LANG_RELATED","1590"
"2128","LANG_RELATED","1590"
"1794","LANG_RELATED","1590"
"1740","LANG_RELATED","1590"
"1841","LANG_BASIC","1591"
"1842","LANG_BASIC","1591"
"1205","LANG_BASIC","1591"
"960","LANG_BASIC","1591"
"388","LANG_BASIC","1591"
"653","LANG_BASIC","1591"
"387","LANG_BASIC","1591"
"385","LANG_BASIC","1591"
"740","LANG_BASIC","1591"
"1167","LANG_BASIC","1591"
"924","LANG_BASIC","1591"
"928","LANG_BASIC","1591"
"930","LANG_BASIC","1591"
"1196","LANG_BASIC","1591"
"446","LANG_BASIC","1591"
"957","LANG_BASIC","1591"
"1204","LANG_BASIC","1591"
"962","LANG_BASIC","1591"
"1376","LANG_BASIC","1591"
"652","LANG_BASIC","1591"
"787","LANG_BASIC","1591"
"731","LANG_BASIC","1591"
"804","LANG_BASIC","1591"
"1194","LANG_BASIC","1591"
"389","LANG_BASIC","1591"
"1900","LANG_BASIC","1591"
"921","LANG_BASIC","1591"
"1378","LANG_BASIC","1591"
"670","LANG_BASIC","1591"
"651","LANG_BASIC","1591"
"725","LANG_BASIC","1591"
"1201","LANG_BASIC","1591"
"730","LANG_BASIC","1591"
"384","LANG_BASIC","1591"
"386","LANG_BASIC","1591"
"723","LANG_BASIC","1591"
"786","LANG_BASIC","1591"
"732","LANG_BASIC","1591"
"945","LANG_BASIC","1591"
"1850","LANG_ADVANCE","1591"
"1827","LANG_ADVANCE","1591"
"1830","LANG_ADVANCE","1591"
"1823","LANG_ADVANCE","1591"
"1844","LANG_ADVANCE","1591"
"1829","LANG_ADVANCE","1591"
"1846","LANG_ADVANCE","1591"
"1833","LANG_ADVANCE","1591"
"1832","LANG_ADVANCE","1591"
"1831","LANG_ADVANCE","1591"
"1837","LANG_ADVANCE","1591"
"1849","LANG_ADVANCE","1591"
"1828","LANG_ADVANCE","1591"
"912","LANG_ADVANCE","1591"
"660","LANG_ADVANCE","1591"
"750","LANG_ADVANCE","1591"
"1371","LANG_ADVANCE","1591"
"659","LANG_ADVANCE","1591"
"948","LANG_ADVANCE","1591"
"1383","LANG_ADVANCE","1591"
"734","LANG_ADVANCE","1591"
"404","LANG_ADVANCE","1591"
"1379","LANG_ADVANCE","1591"
"728","LANG_ADVANCE","1591"
"656","LANG_ADVANCE","1591"
"650","LANG_ADVANCE","1591"
"913","LANG_ADVANCE","1591"
"915","LANG_ADVANCE","1591"
"1364","LANG_ADVANCE","1591"
"619","LANG_ADVANCE","1591"
"463","LANG_ADVANCE","1591"
"1377","LANG_ADVANCE","1591"
"914","LANG_ADVANCE","1591"
"1369","LANG_ADVANCE","1591"
"465","LANG_ADVANCE","1591"
"925","LANG_ADVANCE","1591"
"1374","LANG_ADVANCE","1591"
"400","LANG_ADVANCE","1591"
"655","LANG_ADVANCE","1591"
"467","LANG_ADVANCE","1591"
"926","LANG_ADVANCE","1591"
"657","LANG_ADVANCE","1591"
"917","LANG_ADVANCE","1591"
"1344","LANG_ADVANCE","1591"
"661","LANG_ADVANCE","1591"
"1372","LANG_ADVANCE","1591"
"1096","LANG_ADVANCE","1591"
"403","LANG_ADVANCE","1591"
"1208","LANG_ADVANCE","1591"
"965","LANG_ADVANCE","1591"
"402","LANG_ADVANCE","1591"
"963","LANG_ADVANCE","1591"
"1358","LANG_ADVANCE","1591"
"662","LANG_ADVANCE","1591"
"442","LANG_ADVANCE","1591"
"462","LANG_ADVANCE","1591"
"658","LANG_ADVANCE","1591"
"733","LANG_ADVANCE","1591"
"1375","LANG_ADVANCE","1591"
"461","LANG_ADVANCE","1591"
"1357","LANG_ADVANCE","1591"
"1373","LANG_ADVANCE","1591"
"648","LANG_ADVANCE","1591"
"1370","LANG_ADVANCE","1591"
"918","LANG_ADVANCE","1591"
"464","LANG_ADVANCE","1591"
"649","LANG_ADVANCE","1591"
"1380","LANG_ADVANCE","1591"
"401","LANG_ADVANCE","1591"
"654","LANG_ADVANCE","1591"
"1384","LANG_ADVANCE","1591"
"944","LANG_ADVANCE","1591"
"1744","LANG_RELATED","1591"
"1743","LANG_RELATED","1591"
"2062","LANG_RELATED","1591"
"1702","LANG_RELATED","1591"
"1802","LANG_RELATED","1591"
"1745","LANG_RELATED","1591"
"1742","LANG_RELATED","1591"
"1667","LANG_RELATED","1591"
"2005","LANG_RELATED","1591"
"1626","LANG_RELATED","1591"
"1877","LANG_RELATED","1591"
"1620","LANG_RELATED","1591"
"1623","LANG_RELATED","1591"
"1671","LANG_RELATED","1591"
"1685","LANG_RELATED","1591"
"1622","LANG_RELATED","1591"
"1618","LANG_RELATED","1591"
"2153","LANG_RELATED","1591"
"1569","LANG_RELATED","1591"
"1567","LANG_RELATED","1591"
"695","LANG_BASIC","1592"
"428","LANG_BASIC","1592"
"693","LANG_BASIC","1592"
"441","LANG_BASIC","1592"
"1457","LANG_BASIC","1592"
"983","LANG_BASIC","1592"
"446","LANG_BASIC","1592"
"707","LANG_BASIC","1592"
"1828","LANG_BASIC","1592"
"704","LANG_ADVANCE","1592"
"432","LANG_ADVANCE","1592"
"434","LANG_ADVANCE","1592"
"698","LANG_ADVANCE","1592"
"696","LANG_ADVANCE","1592"
"435","LANG_ADVANCE","1592"
"1403","LANG_ADVANCE","1592"
"700","LANG_ADVANCE","1592"
"703","LANG_ADVANCE","1592"
"699","LANG_ADVANCE","1592"
"1415","LANG_ADVANCE","1592"
"697","LANG_ADVANCE","1592"
"600","LANG_ADVANCE","1592"
"1395","LANG_ADVANCE","1592"
"701","LANG_ADVANCE","1592"
"1394","LANG_ADVANCE","1592"
"694","LANG_ADVANCE","1592"
"433","LANG_ADVANCE","1592"
"1402","LANG_ADVANCE","1592"
"706","LANG_ADVANCE","1592"
"1405","LANG_ADVANCE","1592"
"430","LANG_ADVANCE","1592"
"1416","LANG_ADVANCE","1592"
"1841","LANG_ADVANCE","1592"
"1850","LANG_ADVANCE","1592"
"1840","LANG_ADVANCE","1592"
"1842","LANG_ADVANCE","1592"
"1844","LANG_ADVANCE","1592"
"1822","LANG_ADVANCE","1592"
"1846","LANG_ADVANCE","1592"
"1833","LANG_ADVANCE","1592"
"1845","LANG_ADVANCE","1592"
"1834","LANG_ADVANCE","1592"
"1843","LANG_ADVANCE","1592"
"1823","LANG_ADVANCE","1592"
"1838","LANG_ADVANCE","1592"
"1835","LANG_ADVANCE","1592"
"2095","LANG_RELATED","1592"
"1794","LANG_RELATED","1592"
"2116","LANG_RELATED","1592"
"1698","LANG_RELATED","1592"
"1720","LANG_RELATED","1592"
"2260","LANG_RELATED","1592"
"2262","LANG_RELATED","1592"
"2096","LANG_RELATED","1592"
"2114","LANG_RELATED","1592"
"2247","LANG_RELATED","1592"
"2272","LANG_RELATED","1592"
"1874","LANG_RELATED","1592"
"1648","LANG_RELATED","1592"
"2153","LANG_RELATED","1592"
"2006","LANG_RELATED","1592"
"1989","LANG_RELATED","1592"
"1992","LANG_RELATED","1592"
"1842","LANG_ADVANCE","1593"
"795","LANG_BASIC","1593"
"655","LANG_BASIC","1593"
"634","LANG_ADVANCE","1593"
"636","LANG_BASIC","1594"
"635","LANG_ADVANCE","1594"
"715","LANG_ADVANCE","1595"
"1794","LANG_RELATED","1596"
"1831","LANG_ADVANCE","1596"
"778","LANG_BASIC","1596"
"769","LANG_BASIC","1596"
"770","LANG_BASIC","1596"
"774","LANG_BASIC","1596"
"776","LANG_BASIC","1596"
"779","LANG_ADVANCE","1596"
"777","LANG_ADVANCE","1596"
"768","LANG_ADVANCE","1596"
"773","LANG_ADVANCE","1596"
"775","LANG_ADVANCE","1596"
"772","LANG_ADVANCE","1596"
"771","LANG_ADVANCE","1596"
"1794","LANG_RELATED","1597"
"1847","LANG_BASIC","1597"
"1850","LANG_ADVANCE","1597"
"1825","LANG_ADVANCE","1597"
"1834","LANG_ADVANCE","1597"
"1833","LANG_ADVANCE","1597"
"1840","LANG_ADVANCE","1597"
"833","LANG_BASIC","1597"
"839","LANG_BASIC","1597"
"826","LANG_BASIC","1597"
"827","LANG_BASIC","1597"
"840","LANG_BASIC","1597"
"831","LANG_ADVANCE","1597"
"830","LANG_ADVANCE","1597"
"838","LANG_ADVANCE","1597"
"836","LANG_ADVANCE","1597"
"828","LANG_ADVANCE","1597"
"829","LANG_ADVANCE","1597"
"837","LANG_ADVANCE","1597"
"832","LANG_ADVANCE","1597"
"835","LANG_ADVANCE","1597"
"834","LANG_ADVANCE","1597"
"2128","LANG_RELATED","1598"
"1753","LANG_RELATED","1598"
"2076","LANG_RELATED","1598"
"2181","LANG_RELATED","1598"
"2048","LANG_RELATED","1598"
"1664","LANG_RELATED","1598"
"1840","LANG_BASIC","1598"
"1847","LANG_ADVANCE","1598"
"1833","LANG_ADVANCE","1598"
"1834","LANG_ADVANCE","1598"
"864","LANG_BASIC","1598"
"861","LANG_BASIC","1598"
"870","LANG_BASIC","1598"
"856","LANG_BASIC","1598"
"863","LANG_BASIC","1598"
"862","LANG_BASIC","1598"
"868","LANG_ADVANCE","1598"
"857","LANG_ADVANCE","1598"
"859","LANG_ADVANCE","1598"
"865","LANG_ADVANCE","1598"
"867","LANG_ADVANCE","1598"
"858","LANG_ADVANCE","1598"
"866","LANG_ADVANCE","1598"
"860","LANG_ADVANCE","1598"
"1830","LANG_ADVANCE","1599"
"1832","LANG_ADVANCE","1599"
"1028","LANG_ADVANCE","1599"
"1031","LANG_ADVANCE","1599"
"1211","LANG_ADVANCE","1599"
"1023","LANG_ADVANCE","1599"
"1022","LANG_ADVANCE","1599"
"1020","LANG_ADVANCE","1599"
"1021","LANG_ADVANCE","1599"
"2096","LANG_RELATED","1600"
"2046","LANG_RELATED","1600"
"2183","LANG_RELATED","1600"
"1842","LANG_ADVANCE","1600"
"655","LANG_BASIC","1600"
"1408","LANG_ADVANCE","1600"
"1028","LANG_ADVANCE","1600"
"2096","LANG_RELATED","1601"
"2125","LANG_RELATED","1601"
"1794","LANG_RELATED","1601"
"1650","LANG_RELATED","1601"
"2159","LANG_RELATED","1601"
"1838","LANG_BASIC","1601"
"1839","LANG_ADVANCE","1601"
"1845","LANG_ADVANCE","1601"
"1243","LANG_ADVANCE","1601"
"1429","LANG_ADVANCE","1601"
"1845","LANG_ADVANCE","1602"
"1823","LANG_ADVANCE","1602"
"1468","LANG_BASIC","1602"
"1066","LANG_BASIC","1602"
"1461","LANG_BASIC","1602"
"1463","LANG_ADVANCE","1602"
"1509","LANG_ADVANCE","1603"
"2096","LANG_RELATED","1604"
"1846","LANG_ADVANCE","1604"
"658","LANG_BASIC","1604"
"1828","LANG_ADVANCE","1605"
"855","LANG_BASIC","1605"
"953","LANG_BASIC","1606"
"979","LANG_BASIC","1607"
"2096","LANG_RELATED","1608"
"1203","LANG_BASIC","1608"
"1845","TECH","1609"
"1829","TECH","1609"
"1853","TECH","1609"
"1831","TECH","1609"
"1320","TECH","1609"
"1927","TECH","1609"
"595","TECH","1609"
"1318","TECH","1609"
"1317","TECH","1609"
"1324","TECH","1609"
"1316","TECH","1609"
"1314","TECH","1609"
"1321","TECH","1609"
"571","TECH","1609"
"1325","TECH","1609"
"1950","TECH","1609"
"586","TECH","1609"
"1323","TECH","1609"
"1942","TECH","1609"
"1315","TECH","1609"
"579","TECH","1609"
"1951","TECH","1609"
"572","TECH","1609"
"565","TECH","1609"
"1313","TECH","1609"
"475","TECH","1609"
"1944","TECH","1609"
"1312","TECH","1609"
"1326","TECH","1609"
"1916","TECH","1609"
"1928","TECH","1609"
"474","TECH","1609"
"566","TECH","1609"
"1322","TECH","1609"
"1319","TECH","1609"
"568","TECH","1609"
"1952","TECH","1609"
"131","TECH","1609"
"1853","TECH","1610"
"1830","TECH","1610"
"1829","TECH","1610"
"1845","TECH","1610"
"571","TECH","1610"
"1959","TECH","1610"
"1951","TECH","1610"
"674","TECH","1610"
"1945","TECH","1610"
"1954","TECH","1610"
"672","TECH","1610"
"588","TECH","1610"
"1828","TECH","1611"
"1827","TECH","1611"
"1846","TECH","1611"
"1823","TECH","1611"
"1822","TECH","1611"
"1836","TECH","1611"
"1838","TECH","1611"
"1839","TECH","1611"
"972","TECH","1611"
"974","TECH","1611"
"624","TECH","1611"
"976","TECH","1611"
"979","TECH","1611"
"978","TECH","1611"
"971","TECH","1611"
"1947","TECH","1611"
"631","TECH","1611"
"975","TECH","1611"
"628","TECH","1611"
"1018","TECH","1611"
"983","TECH","1611"
"973","TECH","1611"
"977","TECH","1611"
"1948","TECH","1612"
"1954","TECH","1612"
"1849","TECH","1613"
"1830","TECH","1613"
"1824","TECH","1613"
"347","TECH","1613"
"1360","TECH","1613"
"352","TECH","1613"
"353","TECH","1613"
"340","TECH","1613"
"1366","TECH","1613"
"658","TECH","1613"
"1365","TECH","1613"
"334","TECH","1613"
"477","TECH","1613"
"348","TECH","1613"
"1364","TECH","1613"
"1362","TECH","1613"
"338","TECH","1613"
"1361","TECH","1613"
"350","TECH","1613"
"335","TECH","1613"
"1359","TECH","1613"
"1197","TECH","1613"
"1358","TECH","1613"
"341","TECH","1613"
"355","TECH","1613"
"332","TECH","1613"
"345","TECH","1613"
"333","TECH","1613"
"351","TECH","1613"
"1367","TECH","1613"
"1950","TECH","1613"
"1368","TECH","1613"
"343","TECH","1613"
"1363","TECH","1613"
"344","TECH","1613"
"1214","TECH","1613"
"337","TECH","1613"
"349","TECH","1613"
"354","TECH","1613"
"339","TECH","1613"
"336","TECH","1613"
"342","TECH","1613"
"1357","TECH","1613"
"346","TECH","1613"
"1853","TECH","1614"
"1961","TECH","1614"
"1960","TECH","1614"
"582","TECH","1614"
"584","TECH","1614"
"3","TECH","1615"
"3","TECH","1616"
"1851","TECH","1617"
"34","TECH","1617"
"11","TECH","1617"
"1831","TECH","1618"
"1845","TECH","1618"
"1830","TECH","1618"
"1850","TECH","1618"
"1829","TECH","1618"
"961","TECH","1618"
"91","TECH","1618"
"86","TECH","1618"
"787","TECH","1618"
"508","TECH","1618"
"786","TECH","1618"
"783","TECH","1618"
"477","TECH","1618"
"87","TECH","1618"
"81","TECH","1618"
"781","TECH","1618"
"88","TECH","1618"
"90","TECH","1618"
"92","TECH","1618"
"958","TECH","1618"
"80","TECH","1618"
"82","TECH","1618"
"543","TECH","1618"
"740","TECH","1618"
"83","TECH","1618"
"85","TECH","1618"
"84","TECH","1618"
"89","TECH","1618"
"765","TECH","1618"
"650","TECH","1618"
"1838","TECH","1619"
"359","TECH","1619"
"598","TECH","1619"
"360","TECH","1619"
"1414","TECH","1619"
"1398","TECH","1619"
"356","TECH","1619"
"1402","TECH","1619"
"1415","TECH","1619"
"1406","TECH","1619"
"1411","TECH","1619"
"1400","TECH","1619"
"1396","TECH","1619"
"871","TECH","1619"
"1413","TECH","1619"
"1401","TECH","1619"
"709","TECH","1619"
"1409","TECH","1619"
"1405","TECH","1619"
"1416","TECH","1619"
"1407","TECH","1619"
"1412","TECH","1619"
"1397","TECH","1619"
"1404","TECH","1619"
"1395","TECH","1619"
"1408","TECH","1619"
"711","TECH","1619"
"1410","TECH","1619"
"358","TECH","1619"
"1394","TECH","1619"
"1403","TECH","1619"
"1399","TECH","1619"
"713","TECH","1619"
"361","TECH","1619"
"357","TECH","1619"
"1844","TECH","1620"
"908","TECH","1620"
"911","TECH","1620"
"900","TECH","1620"
"362","TECH","1620"
"904","TECH","1620"
"910","TECH","1620"
"898","TECH","1620"
"907","TECH","1620"
"903","TECH","1620"
"901","TECH","1620"
"897","TECH","1620"
"899","TECH","1620"
"909","TECH","1620"
"902","TECH","1620"
"905","TECH","1620"
"906","TECH","1620"
"364","TECH","1620"
"1844","TECH","1621"
"527","TECH","1621"
"564","TECH","1621"
"528","TECH","1621"
"561","TECH","1621"
"1177","TECH","1621"
"557","TECH","1621"
"459","TECH","1621"
"1846","TECH","1622"
"462","TECH","1622"
"650","TECH","1622"
"1827","TECH","1623"
"465","TECH","1623"
"1850","TECH","1624"
"1830","TECH","1624"
"477","TECH","1624"
"530","TECH","1624"
"917","TECH","1624"
"1207","TECH","1624"
"1202","TECH","1624"
"490","TECH","1625"
"487","TECH","1625"
"484","TECH","1625"
"489","TECH","1625"
"491","TECH","1625"
"486","TECH","1625"
"488","TECH","1625"
"493","TECH","1625"
"485","TECH","1625"
"492","TECH","1625"
"942","TECH","1626"
"500","TECH","1626"
"929","TECH","1627"
"501","TECH","1627"
"1850","TECH","1628"
"1841","TECH","1628"
"1173","TECH","1628"
"1165","TECH","1628"
"523","TECH","1628"
"523","TECH","1629"
"1831","TECH","1630"
"1830","TECH","1630"
"1845","TECH","1630"
"921","TECH","1630"
"755","TECH","1630"
"615","TECH","1630"
"569","TECH","1630"
"922","TECH","1630"
"768","TECH","1630"
"920","TECH","1630"
"754","TECH","1630"
"761","TECH","1630"
"760","TECH","1630"
"764","TECH","1630"
"770","TECH","1630"
"786","TECH","1630"
"570","TECH","1630"
"1841","TECH","1631"
"1846","TECH","1631"
"602","TECH","1631"
"605","TECH","1631"
"1846","TECH","1632"
"627","TECH","1632"
"624","TECH","1632"
"628","TECH","1632"
"634","TECH","1632"
"627","TECH","1633"
"731","TECH","1633"
"627","TECH","1634"
"1827","TECH","1635"
"782","TECH","1635"
"784","TECH","1635"
"628","TECH","1635"
"1823","TECH","1636"
"641","TECH","1636"
"639","TECH","1636"
"631","TECH","1636"
"728","TECH","1636"
"690","TECH","1636"
"645","TECH","1636"
"631","TECH","1637"
"636","TECH","1638"
"647","TECH","1638"
"640","TECH","1638"
"1850","TECH","1639"
"1841","TECH","1639"
"1845","TECH","1639"
"867","TECH","1639"
"852","TECH","1639"
"638","TECH","1639"
"728","TECH","1639"
"731","TECH","1639"
"1832","TECH","1640"
"662","TECH","1640"
"668","TECH","1641"
"1836","TECH","1642"
"1823","TECH","1642"
"1833","TECH","1642"
"1828","TECH","1642"
"1841","TECH","1642"
"1845","TECH","1642"
"1164","TECH","1642"
"690","TECH","1642"
"670","TECH","1642"
"1176","TECH","1642"
"1166","TECH","1642"
"672","TECH","1643"
"1853","TECH","1644"
"675","TECH","1644"
"677","TECH","1645"
"1840","TECH","1646"
"1823","TECH","1646"
"1836","TECH","1646"
"1846","TECH","1646"
"714","TECH","1646"
"713","TECH","1646"
"715","TECH","1646"
"685","TECH","1646"
"729","TECH","1646"
"726","TECH","1646"
"689","TECH","1647"
"806","TECH","1647"
"693","TECH","1648"
"1841","TECH","1649"
"697","TECH","1649"
"697","TECH","1650"
"1841","TECH","1651"
"817","TECH","1651"
"715","TECH","1651"
"723","TECH","1652"
"741","TECH","1653"
"744","TECH","1653"
"777","TECH","1654"
"795","TECH","1655"
"795","TECH","1656"
"802","TECH","1657"
"801","TECH","1657"
"804","TECH","1658"
"809","TECH","1659"
"804","TECH","1659"
"805","TECH","1660"
"1846","TECH","1661"
"1834","TECH","1661"
"1849","TECH","1661"
"806","TECH","1661"
"1850","TECH","1662"
"1849","TECH","1662"
"1828","TECH","1662"
"1833","TECH","1662"
"1845","TECH","1662"
"1846","TECH","1662"
"1835","TECH","1662"
"1834","TECH","1662"
"1841","TECH","1662"
"809","TECH","1662"
"1844","TECH","1663"
"809","TECH","1663"
"861","TECH","1664"
"862","TECH","1664"
"857","TECH","1664"
"856","TECH","1664"
"860","TECH","1664"
"864","TECH","1664"
"866","TECH","1664"
"865","TECH","1664"
"868","TECH","1664"
"859","TECH","1664"
"858","TECH","1664"
"863","TECH","1664"
"1840","TECH","1665"
"884","TECH","1665"
"1840","TECH","1666"
"888","TECH","1666"
"1824","TECH","1667"
"1852","TECH","1667"
"895","TECH","1667"
"894","TECH","1667"
"909","TECH","1668"
"1840","TECH","1669"
"911","TECH","1669"
"925","TECH","1670"
"1832","TECH","1671"
"925","TECH","1671"
"950","TECH","1672"
"959","TECH","1672"
"961","TECH","1672"
"958","TECH","1672"
"956","TECH","1672"
"955","TECH","1672"
"962","TECH","1672"
"952","TECH","1672"
"966","TECH","1672"
"957","TECH","1672"
"967","TECH","1672"
"947","TECH","1672"
"965","TECH","1672"
"954","TECH","1672"
"964","TECH","1672"
"946","TECH","1672"
"968","TECH","1672"
"949","TECH","1672"
"953","TECH","1672"
"944","TECH","1672"
"960","TECH","1672"
"948","TECH","1672"
"963","TECH","1672"
"978","TECH","1673"
"979","TECH","1674"
"998","TECH","1675"
"1042","TECH","1676"
"1841","TECH","1677"
"1058","TECH","1677"
"1058","TECH","1678"
"1850","TECH","1679"
"1175","TECH","1679"
"1164","TECH","1679"
"1176","TECH","1679"
"1832","TECH","1680"
"1833","TECH","1680"
"1178","TECH","1680"
"1179","TECH","1681"
"1187","TECH","1682"
"1834","TECH","1683"
"1188","TECH","1683"
"1202","TECH","1685"
"1194","TECH","1685"
"1219","TECH","1686"
"1440","TECH","1687"
"1431","TECH","1687"
"1439","TECH","1687"
"1434","TECH","1687"
"1436","TECH","1687"
"1433","TECH","1687"
"1437","TECH","1687"
"1444","TECH","1687"
"1443","TECH","1687"
"1435","TECH","1687"
"1441","TECH","1687"
"1432","TECH","1687"
"1442","TECH","1687"
"1438","TECH","1687"
"1430","TECH","1687"
"1894","TOOL_ADVANCE","1688"
"29","TOOL_BASIC","1689"
"1911","TOOL_BASIC","1689"
"124","TOOL_BASIC","1689"
"802","TOOL_BASIC","1689"
"65","TOOL_BASIC","1689"
"54","TOOL_BASIC","1689"
"214","TOOL_BASIC","1689"
"210","TOOL_BASIC","1689"
"740","TOOL_BASIC","1689"
"32","TOOL_BASIC","1689"
"53","TOOL_BASIC","1689"
"64","TOOL_BASIC","1689"
"191","TOOL_BASIC","1689"
"747","TOOL_BASIC","1689"
"751","TOOL_BASIC","1689"
"31","TOOL_BASIC","1689"
"927","TOOL_BASIC","1689"
"30","TOOL_BASIC","1689"
"80","TOOL_BASIC","1689"
"160","TOOL_BASIC","1689"
"746","TOOL_BASIC","1689"
"58","TOOL_BASIC","1689"
"748","TOOL_BASIC","1689"
"47","TOOL_BASIC","1689"
"1828","TOOL_BASIC","1689"
"1827","TOOL_BASIC","1689"
"745","TOOL_ADVANCE","1689"
"916","TOOL_ADVANCE","1689"
"1424","TOOL_ADVANCE","1689"
"63","TOOL_ADVANCE","1689"
"1515","TOOL_ADVANCE","1689"
"1522","TOOL_ADVANCE","1689"
"1520","TOOL_ADVANCE","1689"
"61","TOOL_ADVANCE","1689"
"1903","TOOL_ADVANCE","1689"
"42","TOOL_ADVANCE","1689"
"738","TOOL_ADVANCE","1689"
"1904","TOOL_ADVANCE","1689"
"749","TOOL_ADVANCE","1689"
"1898","TOOL_ADVANCE","1689"
"1518","TOOL_ADVANCE","1689"
"644","TOOL_ADVANCE","1689"
"66","TOOL_ADVANCE","1689"
"1833","TOOL_ADVANCE","1689"
"1845","TOOL_ADVANCE","1689"
"1828","TOOL_ADVANCE","1689"
"1831","TOOL_ADVANCE","1689"
"1823","TOOL_ADVANCE","1689"
"1838","TOOL_ADVANCE","1689"
"2055","TOOL_RELATED","1689"
"1891","TOOL_RELATED","1689"
"1842","TOOL_BASIC","1690"
"1838","TOOL_BASIC","1690"
"1849","TOOL_BASIC","1690"
"1827","TOOL_BASIC","1690"
"1846","TOOL_BASIC","1690"
"1828","TOOL_BASIC","1690"
"1825","TOOL_BASIC","1690"
"1835","TOOL_BASIC","1690"
"1838","TOOL_ADVANCE","1690"
"1839","TOOL_ADVANCE","1690"
"1836","TOOL_ADVANCE","1690"
"1854","TOOL_ADVANCE","1690"
"1840","TOOL_ADVANCE","1690"
"1822","TOOL_ADVANCE","1690"
"1846","TOOL_ADVANCE","1690"
"821","TOOL_BASIC","1690"
"1458","TOOL_BASIC","1690"
"226","TOOL_BASIC","1690"
"188","TOOL_BASIC","1690"
"219","TOOL_BASIC","1690"
"220","TOOL_BASIC","1690"
"805","TOOL_BASIC","1690"
"221","TOOL_BASIC","1690"
"147","TOOL_BASIC","1690"
"1521","TOOL_BASIC","1690"
"412","TOOL_BASIC","1690"
"848","TOOL_BASIC","1690"
"223","TOOL_BASIC","1690"
"390","TOOL_BASIC","1690"
"224","TOOL_BASIC","1690"
"169","TOOL_BASIC","1690"
"393","TOOL_BASIC","1690"
"1907","TOOL_BASIC","1690"
"808","TOOL_ADVANCE","1690"
"670","TOOL_ADVANCE","1690"
"222","TOOL_ADVANCE","1690"
"225","TOOL_ADVANCE","1690"
"1901","TOOL_ADVANCE","1690"
"635","TOOL_ADVANCE","1690"
"1910","TOOL_ADVANCE","1690"
"1215","TOOL_BASIC","1691"
"1349","TOOL_BASIC","1691"
"937","TOOL_BASIC","1691"
"415","TOOL_BASIC","1691"
"919","TOOL_BASIC","1691"
"589","TOOL_BASIC","1691"
"921","TOOL_BASIC","1691"
"407","TOOL_BASIC","1691"
"931","TOOL_BASIC","1691"
"768","TOOL_BASIC","1691"
"1216","TOOL_BASIC","1691"
"413","TOOL_BASIC","1691"
"412","TOOL_BASIC","1691"
"470","TOOL_ADVANCE","1691"
"1901","TOOL_ADVANCE","1691"
"535","TOOL_ADVANCE","1691"
"400","TOOL_ADVANCE","1691"
"566","TOOL_ADVANCE","1691"
"442","TOOL_ADVANCE","1691"
"99","TOOL_BASIC","1692"
"1906","TOOL_ADVANCE","1692"
"1822","TOOL_BASIC","1693"
"1822","TOOL_ADVANCE","1693"
"1833","TOOL_ADVANCE","1693"
"1832","TOOL_ADVANCE","1693"
"1831","TOOL_ADVANCE","1693"
"1823","TOOL_ADVANCE","1693"
"1828","TOOL_ADVANCE","1693"
"794","TOOL_BASIC","1693"
"161","TOOL_BASIC","1693"
"675","TOOL_BASIC","1693"
"1096","TOOL_BASIC","1693"
"136","TOOL_BASIC","1693"
"948","TOOL_BASIC","1693"
"1910","TOOL_BASIC","1693"
"661","TOOL_BASIC","1693"
"652","TOOL_BASIC","1693"
"147","TOOL_BASIC","1693"
"810","TOOL_BASIC","1693"
"1909","TOOL_ADVANCE","1693"
"930","TOOL_ADVANCE","1693"
"657","TOOL_ADVANCE","1693"
"1517","TOOL_ADVANCE","1693"
"918","TOOL_ADVANCE","1693"
"648","TOOL_ADVANCE","1693"
"1838","TOOL_BASIC","1694"
"1828","TOOL_BASIC","1694"
"1827","TOOL_BASIC","1694"
"1828","TOOL_ADVANCE","1694"
"740","TOOL_BASIC","1694"
"1909","TOOL_ADVANCE","1694"
"1827","TOOL_BASIC","1695"
"1909","TOOL_BASIC","1695"
"1910","TOOL_ADVANCE","1695"
"1912","TOOL_ADVANCE","1696"
"1974","TOOL_RELATED","1697"
"669","TOOL_BASIC","1697"
"1946","TOOL_ADVANCE","1697"
"88","TOOL_ADVANCE","1697"
"2159","TOOL_RELATED","1698"
"221","TOOL_BASIC","1698"
"223","TOOL_BASIC","1698"
"224","TOOL_BASIC","1698"
"78","TOOL_BASIC","1698"
"226","TOOL_BASIC","1698"
"1946","TOOL_ADVANCE","1698"
"1953","TOOL_ADVANCE","1699"
"1962","TOOL_ADVANCE","1700"
"1874","TOOL_RELATED","1701"
"2054","TOOL_RELATED","1701"
"1842","TOOL_ADVANCE","1701"
"1846","TOOL_ADVANCE","1701"
"173","TOOL_BASIC","1701"
"77","TOOL_BASIC","1701"
"179","TOOL_BASIC","1701"
"48","TOOL_BASIC","1701"
"717","TOOL_BASIC","1701"
"946","TOOL_BASIC","1701"
"952","TOOL_BASIC","1701"
"72","TOOL_BASIC","1701"
"981","TOOL_BASIC","1701"
"702","TOOL_BASIC","1701"
"1018","TOOL_BASIC","1701"
"10","TOOL_ADVANCE","1701"
"3","TOOL_ADVANCE","1701"
"4","TOOL_ADVANCE","1701"
"7","TOOL_ADVANCE","1701"
"44","TOOL_ADVANCE","1701"
"5","TOOL_ADVANCE","1701"
"719","TOOL_ADVANCE","1701"
"694","TOOL_ADVANCE","1701"
"0","TOOL_ADVANCE","1701"
"1168","TOOL_ADVANCE","1701"
"3","TOOL_ADVANCE","1702"
"4","TOOL_ADVANCE","1702"
"5","TOOL_ADVANCE","1702"
"0","TOOL_ADVANCE","1702"
"1850","TOOL_BASIC","1703"
"1850","TOOL_ADVANCE","1703"
"1496","TOOL_BASIC","1703"
"49","TOOL_BASIC","1703"
"1169","TOOL_BASIC","1703"
"1176","TOOL_BASIC","1703"
"1174","TOOL_BASIC","1703"
"57","TOOL_BASIC","1703"
"1164","TOOL_BASIC","1703"
"8","TOOL_BASIC","1703"
"1173","TOOL_BASIC","1703"
"6","TOOL_BASIC","1703"
"1","TOOL_ADVANCE","1703"
"1498","TOOL_ADVANCE","1703"
"644","TOOL_ADVANCE","1703"
"100","TOOL_BASIC","1704"
"104","TOOL_BASIC","1704"
"101","TOOL_BASIC","1704"
"105","TOOL_ADVANCE","1704"
"98","TOOL_ADVANCE","1704"
"94","TOOL_ADVANCE","1704"
"143","TOOL_ADVANCE","1705"
"1827","TOOL_BASIC","1706"
"1847","TOOL_BASIC","1706"
"1830","TOOL_ADVANCE","1706"
"1839","TOOL_ADVANCE","1706"
"1833","TOOL_ADVANCE","1706"
"1848","TOOL_ADVANCE","1706"
"219","TOOL_BASIC","1706"
"1091","TOOL_BASIC","1706"
"848","TOOL_BASIC","1706"
"821","TOOL_BASIC","1706"
"224","TOOL_BASIC","1706"
"164","TOOL_BASIC","1706"
"223","TOOL_BASIC","1706"
"221","TOOL_BASIC","1706"
"512","TOOL_BASIC","1706"
"188","TOOL_BASIC","1706"
"220","TOOL_BASIC","1706"
"1086","TOOL_BASIC","1706"
"45","TOOL_BASIC","1706"
"149","TOOL_BASIC","1706"
"1092","TOOL_BASIC","1706"
"1089","TOOL_BASIC","1706"
"226","TOOL_BASIC","1706"
"167","TOOL_BASIC","1706"
"129","TOOL_BASIC","1706"
"1093","TOOL_BASIC","1706"
"1087","TOOL_BASIC","1706"
"1085","TOOL_BASIC","1706"
"169","TOOL_BASIC","1706"
"393","TOOL_BASIC","1706"
"1084","TOOL_BASIC","1706"
"46","TOOL_BASIC","1706"
"1281","TOOL_BASIC","1706"
"1090","TOOL_BASIC","1706"
"73","TOOL_BASIC","1706"
"390","TOOL_ADVANCE","1706"
"592","TOOL_ADVANCE","1706"
"218","TOOL_ADVANCE","1706"
"591","TOOL_ADVANCE","1706"
"222","TOOL_ADVANCE","1706"
"225","TOOL_ADVANCE","1706"
"1651","TOOL_RELATED","1707"
"2059","TOOL_RELATED","1707"
"1617","TOOL_RELATED","1707"
"1826","TOOL_ADVANCE","1707"
"1851","TOOL_ADVANCE","1707"
"819","TOOL_BASIC","1707"
"236","TOOL_BASIC","1707"
"234","TOOL_BASIC","1707"
"229","TOOL_ADVANCE","1707"
"237","TOOL_ADVANCE","1707"
"1500","TOOL_ADVANCE","1707"
"1506","TOOL_ADVANCE","1707"
"227","TOOL_ADVANCE","1707"
"231","TOOL_ADVANCE","1707"
"235","TOOL_ADVANCE","1707"
"1508","TOOL_ADVANCE","1707"
"230","TOOL_ADVANCE","1707"
"1514","TOOL_ADVANCE","1707"
"228","TOOL_ADVANCE","1707"
"244","TOOL_BASIC","1708"
"245","TOOL_BASIC","1708"
"243","TOOL_BASIC","1708"
"242","TOOL_ADVANCE","1708"
"246","TOOL_ADVANCE","1708"
"1687","TOOL_RELATED","1709"
"1841","TOOL_BASIC","1709"
"1847","TOOL_BASIC","1709"
"1827","TOOL_BASIC","1709"
"1838","TOOL_BASIC","1709"
"1846","TOOL_ADVANCE","1709"
"1848","TOOL_ADVANCE","1709"
"1842","TOOL_ADVANCE","1709"
"1845","TOOL_ADVANCE","1709"
"1831","TOOL_ADVANCE","1709"
"1828","TOOL_ADVANCE","1709"
"1841","TOOL_ADVANCE","1709"
"1850","TOOL_ADVANCE","1709"
"1830","TOOL_ADVANCE","1709"
"1840","TOOL_ADVANCE","1709"
"253","TOOL_BASIC","1709"
"252","TOOL_BASIC","1709"
"247","TOOL_BASIC","1709"
"1175","TOOL_BASIC","1709"
"1171","TOOL_BASIC","1709"
"260","TOOL_BASIC","1709"
"258","TOOL_BASIC","1709"
"255","TOOL_BASIC","1709"
"259","TOOL_BASIC","1709"
"248","TOOL_BASIC","1709"
"254","TOOL_BASIC","1709"
"249","TOOL_BASIC","1709"
"256","TOOL_BASIC","1709"
"257","TOOL_BASIC","1709"
"250","TOOL_BASIC","1709"
"251","TOOL_ADVANCE","1709"
"1495","TOOL_ADVANCE","1709"
"1496","TOOL_ADVANCE","1709"
"1494","TOOL_ADVANCE","1709"
"261","TOOL_ADVANCE","1709"
"1167","TOOL_ADVANCE","1709"
"1497","TOOL_ADVANCE","1709"
"1493","TOOL_ADVANCE","1709"
"1651","TOOL_RELATED","1710"
"1826","TOOL_ADVANCE","1710"
"1851","TOOL_ADVANCE","1710"
"266","TOOL_BASIC","1710"
"272","TOOL_BASIC","1710"
"1012","TOOL_BASIC","1710"
"267","TOOL_BASIC","1710"
"1003","TOOL_BASIC","1710"
"269","TOOL_BASIC","1710"
"263","TOOL_BASIC","1710"
"262","TOOL_BASIC","1710"
"264","TOOL_BASIC","1710"
"271","TOOL_BASIC","1710"
"273","TOOL_BASIC","1710"
"265","TOOL_BASIC","1710"
"270","TOOL_BASIC","1710"
"274","TOOL_BASIC","1710"
"275","TOOL_BASIC","1710"
"70","TOOL_BASIC","1710"
"999","TOOL_ADVANCE","1710"
"276","TOOL_ADVANCE","1710"
"268","TOOL_ADVANCE","1710"
"1000","TOOL_ADVANCE","1710"
"1827","TOOL_BASIC","1711"
"1827","TOOL_ADVANCE","1711"
"315","TOOL_BASIC","1711"
"309","TOOL_BASIC","1711"
"307","TOOL_BASIC","1711"
"306","TOOL_BASIC","1711"
"108","TOOL_BASIC","1711"
"311","TOOL_BASIC","1711"
"304","TOOL_BASIC","1711"
"312","TOOL_BASIC","1711"
"301","TOOL_BASIC","1711"
"302","TOOL_BASIC","1711"
"305","TOOL_BASIC","1711"
"308","TOOL_BASIC","1711"
"313","TOOL_BASIC","1711"
"728","TOOL_ADVANCE","1711"
"314","TOOL_ADVANCE","1711"
"303","TOOL_ADVANCE","1711"
"310","TOOL_ADVANCE","1711"
"1523","TOOL_ADVANCE","1711"
"1069","TOOL_ADVANCE","1711"
"1070","TOOL_ADVANCE","1711"
"1076","TOOL_ADVANCE","1711"
"320","TOOL_BASIC","1712"
"224","TOOL_BASIC","1712"
"221","TOOL_BASIC","1712"
"223","TOOL_BASIC","1712"
"317","TOOL_BASIC","1712"
"85","TOOL_BASIC","1712"
"316","TOOL_BASIC","1712"
"88","TOOL_BASIC","1712"
"226","TOOL_BASIC","1712"
"319","TOOL_ADVANCE","1712"
"318","TOOL_ADVANCE","1712"
"1054","TOOL_BASIC","1713"
"323","TOOL_BASIC","1713"
"322","TOOL_BASIC","1713"
"321","TOOL_BASIC","1713"
"325","TOOL_ADVANCE","1713"
"324","TOOL_ADVANCE","1713"
"1831","TOOL_ADVANCE","1714"
"1849","TOOL_ADVANCE","1714"
"1830","TOOL_ADVANCE","1714"
"1824","TOOL_ADVANCE","1714"
"623","TOOL_BASIC","1714"
"1200","TOOL_BASIC","1714"
"334","TOOL_BASIC","1714"
"335","TOOL_BASIC","1714"
"341","TOOL_BASIC","1714"
"336","TOOL_BASIC","1714"
"343","TOOL_BASIC","1714"
"339","TOOL_BASIC","1714"
"337","TOOL_BASIC","1714"
"340","TOOL_BASIC","1714"
"342","TOOL_BASIC","1714"
"332","TOOL_BASIC","1714"
"333","TOOL_BASIC","1714"
"514","TOOL_ADVANCE","1714"
"501","TOOL_ADVANCE","1714"
"338","TOOL_ADVANCE","1714"
"1872","TOOL_RELATED","1715"
"1829","TOOL_BASIC","1715"
"1831","TOOL_ADVANCE","1715"
"1830","TOOL_ADVANCE","1715"
"1849","TOOL_ADVANCE","1715"
"350","TOOL_BASIC","1715"
"346","TOOL_BASIC","1715"
"345","TOOL_BASIC","1715"
"1367","TOOL_BASIC","1715"
"1095","TOOL_BASIC","1715"
"347","TOOL_BASIC","1715"
"349","TOOL_BASIC","1715"
"344","TOOL_BASIC","1715"
"353","TOOL_BASIC","1715"
"1101","TOOL_BASIC","1715"
"355","TOOL_BASIC","1715"
"1357","TOOL_ADVANCE","1715"
"1347","TOOL_ADVANCE","1715"
"354","TOOL_ADVANCE","1715"
"510","TOOL_ADVANCE","1715"
"348","TOOL_ADVANCE","1715"
"352","TOOL_ADVANCE","1715"
"928","TOOL_ADVANCE","1715"
"351","TOOL_ADVANCE","1715"
"1366","TOOL_ADVANCE","1715"
"1847","TOOL_ADVANCE","1716"
"366","TOOL_BASIC","1716"
"369","TOOL_BASIC","1716"
"362","TOOL_BASIC","1716"
"365","TOOL_BASIC","1716"
"364","TOOL_BASIC","1716"
"370","TOOL_BASIC","1716"
"367","TOOL_BASIC","1716"
"368","TOOL_BASIC","1716"
"1177","TOOL_ADVANCE","1716"
"363","TOOL_ADVANCE","1716"
"1448","TOOL_ADVANCE","1716"
"164","TOOL_BASIC","1717"
"146","TOOL_BASIC","1717"
"1911","TOOL_BASIC","1717"
"147","TOOL_BASIC","1717"
"149","TOOL_BASIC","1717"
"390","TOOL_ADVANCE","1717"
"2054","TOOL_RELATED","1718"
"1877","TOOL_RELATED","1718"
"1822","TOOL_BASIC","1718"
"1831","TOOL_ADVANCE","1718"
"1845","TOOL_ADVANCE","1718"
"1854","TOOL_ADVANCE","1718"
"1849","TOOL_ADVANCE","1718"
"1832","TOOL_ADVANCE","1718"
"1822","TOOL_ADVANCE","1718"
"1825","TOOL_ADVANCE","1718"
"959","TOOL_BASIC","1718"
"385","TOOL_BASIC","1718"
"388","TOOL_BASIC","1718"
"386","TOOL_BASIC","1718"
"660","TOOL_BASIC","1718"
"661","TOOL_BASIC","1718"
"946","TOOL_BASIC","1718"
"651","TOOL_BASIC","1718"
"652","TOOL_BASIC","1718"
"1376","TOOL_BASIC","1718"
"948","TOOL_BASIC","1718"
"389","TOOL_BASIC","1718"
"658","TOOL_BASIC","1718"
"384","TOOL_BASIC","1718"
"1205","TOOL_BASIC","1718"
"1201","TOOL_BASIC","1718"
"387","TOOL_BASIC","1718"
"1344","TOOL_ADVANCE","1718"
"404","TOOL_ADVANCE","1718"
"1374","TOOL_ADVANCE","1718"
"711","TOOL_ADVANCE","1718"
"655","TOOL_ADVANCE","1718"
"915","TOOL_ADVANCE","1718"
"914","TOOL_ADVANCE","1718"
"437","TOOL_ADVANCE","1719"
"1840","TOOL_BASIC","1720"
"1840","TOOL_ADVANCE","1720"
"1846","TOOL_ADVANCE","1720"
"1894","TOOL_BASIC","1720"
"715","TOOL_BASIC","1720"
"503","TOOL_ADVANCE","1720"
"557","TOOL_ADVANCE","1720"
"903","TOOL_ADVANCE","1720"
"459","TOOL_ADVANCE","1720"
"767","TOOL_BASIC","1721"
"920","TOOL_BASIC","1721"
"591","TOOL_ADVANCE","1721"
"470","TOOL_ADVANCE","1721"
"592","TOOL_ADVANCE","1721"
"760","TOOL_ADVANCE","1721"
"753","TOOL_ADVANCE","1721"
"935","TOOL_ADVANCE","1721"
"1219","TOOL_ADVANCE","1721"
"1348","TOOL_ADVANCE","1721"
"763","TOOL_ADVANCE","1721"
"756","TOOL_ADVANCE","1721"
"932","TOOL_ADVANCE","1721"
"764","TOOL_ADVANCE","1721"
"407","TOOL_BASIC","1722"
"414","TOOL_BASIC","1722"
"589","TOOL_BASIC","1722"
"513","TOOL_ADVANCE","1722"
"470","TOOL_ADVANCE","1722"
"2054","TOOL_RELATED","1723"
"478","TOOL_ADVANCE","1723"
"567","TOOL_ADVANCE","1723"
"1849","TOOL_BASIC","1724"
"1846","TOOL_BASIC","1724"
"1847","TOOL_BASIC","1724"
"1850","TOOL_BASIC","1724"
"1847","TOOL_ADVANCE","1724"
"1849","TOOL_ADVANCE","1724"
"1841","TOOL_ADVANCE","1724"
"478","TOOL_ADVANCE","1724"
"505","TOOL_ADVANCE","1725"
"531","TOOL_ADVANCE","1726"
"2055","TOOL_RELATED","1727"
"1830","TOOL_ADVANCE","1727"
"1831","TOOL_ADVANCE","1727"
"80","TOOL_BASIC","1727"
"81","TOOL_BASIC","1727"
"782","TOOL_BASIC","1727"
"84","TOOL_BASIC","1727"
"783","TOOL_ADVANCE","1727"
"543","TOOL_ADVANCE","1727"
"789","TOOL_ADVANCE","1727"
"784","TOOL_ADVANCE","1727"
"1312","TOOL_ADVANCE","1727"
"781","TOOL_ADVANCE","1727"
"1318","TOOL_ADVANCE","1727"
"786","TOOL_ADVANCE","1727"
"792","TOOL_ADVANCE","1727"
"787","TOOL_ADVANCE","1727"
"558","TOOL_ADVANCE","1728"
"558","TOOL_ADVANCE","1729"
"566","TOOL_ADVANCE","1730"
"2051","TOOL_RELATED","1731"
"2048","TOOL_RELATED","1731"
"1846","TOOL_BASIC","1731"
"1822","TOOL_BASIC","1731"
"1849","TOOL_ADVANCE","1731"
"1832","TOOL_ADVANCE","1731"
"1833","TOOL_ADVANCE","1731"
"1823","TOOL_ADVANCE","1731"
"1822","TOOL_ADVANCE","1731"
"1831","TOOL_ADVANCE","1731"
"1828","TOOL_ADVANCE","1731"
"1052","TOOL_BASIC","1731"
"658","TOOL_BASIC","1731"
"1051","TOOL_BASIC","1731"
"1378","TOOL_BASIC","1731"
"723","TOOL_BASIC","1731"
"680","TOOL_BASIC","1731"
"732","TOOL_BASIC","1731"
"1900","TOOL_BASIC","1731"
"161","TOOL_BASIC","1731"
"195","TOOL_BASIC","1731"
"869","TOOL_BASIC","1731"
"730","TOOL_BASIC","1731"
"982","TOOL_BASIC","1731"
"652","TOOL_BASIC","1731"
"804","TOOL_BASIC","1731"
"1214","TOOL_BASIC","1731"
"193","TOOL_BASIC","1731"
"99","TOOL_BASIC","1731"
"733","TOOL_ADVANCE","1731"
"731","TOOL_ADVANCE","1731"
"728","TOOL_ADVANCE","1731"
"1358","TOOL_ADVANCE","1731"
"1384","TOOL_ADVANCE","1731"
"650","TOOL_ADVANCE","1731"
"653","TOOL_ADVANCE","1731"
"1516","TOOL_ADVANCE","1731"
"645","TOOL_ADVANCE","1731"
"1521","TOOL_ADVANCE","1731"
"1379","TOOL_ADVANCE","1731"
"734","TOOL_ADVANCE","1731"
"1375","TOOL_ADVANCE","1731"
"1823","TOOL_ADVANCE","1732"
"1849","TOOL_ADVANCE","1732"
"1846","TOOL_ADVANCE","1732"
"1854","TOOL_ADVANCE","1732"
"1831","TOOL_ADVANCE","1732"
"1832","TOOL_ADVANCE","1732"
"658","TOOL_BASIC","1732"
"1391","TOOL_BASIC","1732"
"950","TOOL_BASIC","1732"
"652","TOOL_BASIC","1732"
"1204","TOOL_BASIC","1732"
"649","TOOL_ADVANCE","1732"
"656","TOOL_ADVANCE","1732"
"1197","TOOL_ADVANCE","1732"
"1369","TOOL_ADVANCE","1732"
"1380","TOOL_ADVANCE","1732"
"1371","TOOL_ADVANCE","1732"
"1370","TOOL_ADVANCE","1732"
"1364","TOOL_ADVANCE","1732"
"1372","TOOL_ADVANCE","1732"
"662","TOOL_ADVANCE","1732"
"913","TOOL_ADVANCE","1732"
"965","TOOL_ADVANCE","1732"
"912","TOOL_ADVANCE","1732"
"1373","TOOL_ADVANCE","1732"
"679","TOOL_ADVANCE","1733"
"1619","TOOL_RELATED","1734"
"1838","TOOL_ADVANCE","1734"
"1405","TOOL_ADVANCE","1734"
"871","TOOL_ADVANCE","1734"
"1407","TOOL_ADVANCE","1734"
"713","TOOL_ADVANCE","1734"
"1394","TOOL_ADVANCE","1734"
"1403","TOOL_ADVANCE","1734"
"709","TOOL_ADVANCE","1734"
"1408","TOOL_ADVANCE","1734"
"711","TOOL_ADVANCE","1734"
"1416","TOOL_ADVANCE","1734"
"1415","TOOL_ADVANCE","1734"
"1402","TOOL_ADVANCE","1734"
"1406","TOOL_ADVANCE","1734"
"718","TOOL_ADVANCE","1735"
"741","TOOL_BASIC","1736"
"744","TOOL_ADVANCE","1736"
"1891","TOOL_RELATED","1737"
"752","TOOL_ADVANCE","1737"
"782","TOOL_BASIC","1738"
"784","TOOL_ADVANCE","1738"
"794","TOOL_ADVANCE","1738"
"788","TOOL_ADVANCE","1738"
"795","TOOL_ADVANCE","1738"
"2159","TOOL_RELATED","1739"
"2184","TOOL_RELATED","1739"
"78","TOOL_BASIC","1739"
"822","TOOL_BASIC","1739"
"1946","TOOL_BASIC","1739"
"72","TOOL_BASIC","1739"
"821","TOOL_ADVANCE","1739"
"824","TOOL_ADVANCE","1739"
"812","TOOL_ADVANCE","1739"
"817","TOOL_ADVANCE","1739"
"820","TOOL_ADVANCE","1739"
"814","TOOL_ADVANCE","1739"
"825","TOOL_ADVANCE","1739"
"816","TOOL_ADVANCE","1739"
"813","TOOL_ADVANCE","1739"
"845","TOOL_ADVANCE","1740"
"911","TOOL_ADVANCE","1741"
"924","TOOL_BASIC","1742"
"913","TOOL_ADVANCE","1742"
"913","TOOL_ADVANCE","1743"
"1830","TOOL_BASIC","1744"
"1823","TOOL_ADVANCE","1744"
"1830","TOOL_ADVANCE","1744"
"1846","TOOL_ADVANCE","1744"
"928","TOOL_BASIC","1744"
"924","TOOL_BASIC","1744"
"925","TOOL_ADVANCE","1744"
"917","TOOL_BASIC","1745"
"928","TOOL_BASIC","1745"
"961","TOOL_BASIC","1745"
"952","TOOL_BASIC","1745"
"959","TOOL_BASIC","1745"
"946","TOOL_ADVANCE","1745"
"996","TOOL_ADVANCE","1746"
"1855","TOOL_BASIC","1747"
"1010","TOOL_ADVANCE","1747"
"1824","TOOL_ADVANCE","1748"
"1431","TOOL_BASIC","1748"
"1218","TOOL_ADVANCE","1748"
"1390","TOOL_ADVANCE","1748"
"1393","TOOL_ADVANCE","1748"
"1384","TOOL_ADVANCE","1748"
"1019","TOOL_ADVANCE","1748"
"1217","TOOL_ADVANCE","1748"
"1361","TOOL_ADVANCE","1748"
"1385","TOOL_ADVANCE","1748"
"1213","TOOL_ADVANCE","1748"
"1068","TOOL_ADVANCE","1749"
"1068","TOOL_ADVANCE","1750"
"15","TOOL_BASIC","1751"
"1068","TOOL_ADVANCE","1751"
"1103","TOOL_ADVANCE","1752"
"2056","TOOL_RELATED","1753"
"1679","TOOL_RELATED","1753"
"1842","TOOL_ADVANCE","1753"
"1165","TOOL_ADVANCE","1753"
"1498","TOOL_ADVANCE","1753"
"1166","TOOL_ADVANCE","1753"
"1173","TOOL_ADVANCE","1753"
"1850","TOOL_BASIC","1754"
"1842","TOOL_ADVANCE","1754"
"1170","TOOL_ADVANCE","1754"
"1496","TOOL_ADVANCE","1754"
"1166","TOOL_ADVANCE","1754"
"1171","TOOL_BASIC","1755"
"1175","TOOL_BASIC","1755"
"1167","TOOL_ADVANCE","1755"
"1495","TOOL_ADVANCE","1755"
"1197","TOOL_ADVANCE","1756"
"1210","TOOL_ADVANCE","1757"
"1825","TOOL_ADVANCE","1758"
"1824","TOOL_ADVANCE","1758"
"1224","TOOL_ADVANCE","1758"
"1223","TOOL_ADVANCE","1758"
"1234","TOOL_ADVANCE","1758"
"1230","TOOL_ADVANCE","1758"
"1355","TOOL_ADVANCE","1759"
"1360","TOOL_ADVANCE","1759"
"1381","TOOL_ADVANCE","1759"
"1384","TOOL_ADVANCE","1759"
"1359","TOOL_ADVANCE","1760"
"1387","TOOL_ADVANCE","1761"
"1108","TOOL_BASIC","1762"
"1393","TOOL_ADVANCE","1762"
"1407","TOOL_ADVANCE","1763"
"1395","TOOL_ADVANCE","1763"
"1848","TOOL_ADVANCE","1764"
"1421","TOOL_ADVANCE","1764"
"1422","TOOL_ADVANCE","1765"
"1498","TOOL_ADVANCE","1766"
"2194","TOOL_RELATED","1767"
"1855","TOOL_BASIC","1767"
"1826","TOOL_BASIC","1767"
"1855","TOOL_ADVANCE","1767"
"1826","TOOL_ADVANCE","1767"
"1851","TOOL_ADVANCE","1767"
"1505","TOOL_ADVANCE","1767"
"1851","TOOL_ADVANCE","1768"
"1826","TOOL_ADVANCE","1768"
"1505","TOOL_ADVANCE","1768"
"1855","TOOL_BASIC","1769"
"1826","TOOL_BASIC","1769"
"1826","TOOL_ADVANCE","1769"
"1851","TOOL_ADVANCE","1769"
"1855","TOOL_ADVANCE","1769"
"1506","TOOL_ADVANCE","1769"
"1948","TOOL_BASIC","1770"
"22","TOOL_BASIC","1771"
"55","TOOL_BASIC","1772"
"238","TOOL_BASIC","1773"
"179","TOOL_BASIC","1773"
"239","TOOL_BASIC","1773"
"241","TOOL_BASIC","1773"
"240","TOOL_BASIC","1773"
"169","TOOL_BASIC","1773"
"55","TOOL_BASIC","1773"
"59","TOOL_BASIC","1774"
"71","TOOL_BASIC","1775"
"71","TOOL_BASIC","1776"
"84","TOOL_BASIC","1777"
"83","TOOL_BASIC","1777"
"740","TOOL_BASIC","1777"
"81","TOOL_BASIC","1777"
"1849","TOOL_BASIC","1778"
"1825","TOOL_BASIC","1778"
"88","TOOL_BASIC","1778"
"139","TOOL_BASIC","1779"
"1840","TOOL_BASIC","1780"
"1845","TOOL_ADVANCE","1780"
"1840","TOOL_ADVANCE","1780"
"139","TOOL_BASIC","1780"
"146","TOOL_BASIC","1781"
"179","TOOL_BASIC","1782"
"1847","TOOL_BASIC","1783"
"1840","TOOL_BASIC","1783"
"1832","TOOL_ADVANCE","1783"
"1847","TOOL_ADVANCE","1783"
"298","TOOL_BASIC","1783"
"294","TOOL_BASIC","1783"
"299","TOOL_BASIC","1783"
"300","TOOL_BASIC","1783"
"297","TOOL_BASIC","1783"
"295","TOOL_BASIC","1783"
"293","TOOL_BASIC","1783"
"296","TOOL_BASIC","1783"
"378","TOOL_BASIC","1784"
"383","TOOL_BASIC","1784"
"382","TOOL_BASIC","1784"
"380","TOOL_BASIC","1784"
"381","TOOL_BASIC","1784"
"379","TOOL_BASIC","1784"
"445","TOOL_BASIC","1785"
"444","TOOL_BASIC","1785"
"592","TOOL_BASIC","1786"
"591","TOOL_BASIC","1786"
"1849","TOOL_BASIC","1787"
"644","TOOL_BASIC","1787"
"624","TOOL_BASIC","1787"
"624","TOOL_BASIC","1788"
"1836","TOOL_ADVANCE","1789"
"631","TOOL_BASIC","1789"
"624","TOOL_BASIC","1789"
"679","TOOL_BASIC","1790"
"685","TOOL_BASIC","1791"
"688","TOOL_BASIC","1792"
"740","TOOL_BASIC","1793"
"785","TOOL_BASIC","1794"
"1831","TOOL_ADVANCE","1795"
"786","TOOL_BASIC","1795"
"786","TOOL_BASIC","1796"
"786","TOOL_BASIC","1797"
"2055","TOOL_RELATED","1798"
"794","TOOL_BASIC","1798"
"894","TOOL_BASIC","1799"
"903","TOOL_BASIC","1800"
"928","TOOL_BASIC","1801"
"961","TOOL_BASIC","1802"
"946","TOOL_BASIC","1802"
"947","TOOL_BASIC","1803"
"950","TOOL_BASIC","1804"
"950","TOOL_BASIC","1805"
"952","TOOL_BASIC","1806"
"954","TOOL_BASIC","1807"
"996","TOOL_BASIC","1808"
"1018","TOOL_BASIC","1809"
"1052","TOOL_BASIC","1810"
"1051","TOOL_BASIC","1810"
"1847","TOOL_BASIC","1811"
"1833","TOOL_ADVANCE","1811"
"1842","TOOL_ADVANCE","1811"
"1848","TOOL_ADVANCE","1811"
"1087","TOOL_BASIC","1811"
"1143","TOOL_BASIC","1812"
"1840","TOOL_ADVANCE","1813"
"1832","TOOL_ADVANCE","1813"
"1845","TOOL_ADVANCE","1813"
"1841","TOOL_ADVANCE","1813"
"1200","TOOL_BASIC","1813"
"1150","TOOL_BASIC","1813"
"1170","TOOL_BASIC","1814"
"1194","TOOL_BASIC","1815"
"1200","TOOL_BASIC","1816"
"1196","TOOL_BASIC","1816"
"1258","TOOL_BASIC","1817"
"1258","TOOL_BASIC","1818"
"1832","TOOL_ADVANCE","1819"
"1281","TOOL_BASIC","1819"
"1281","TOOL_BASIC","1820"
"1823","TOOL_ADVANCE","1821"
"1825","TOOL_ADVANCE","1821"
"1286","TOOL_BASIC","1821"
"1825","FRAME_BASIC","1858"
"1839","FRAME_ADVANCE","1858"
"1827","FRAME_ADVANCE","1858"
"1846","FRAME_ADVANCE","1858"
"1836","FRAME_ADVANCE","1858"
"1841","FRAME_ADVANCE","1858"
"1849","FRAME_ADVANCE","1858"
"1850","FRAME_ADVANCE","1859"
"2096","LANG_RELATED","1860"
"1735","LANG_RELATED","1860"
"2261","LANG_RELATED","1860"
"2156","LANG_RELATED","1860"
"1823","LANG_ADVANCE","1860"
"1838","LANG_ADVANCE","1860"
"1828","LANG_ADVANCE","1860"
"2096","LANG_RELATED","1861"
"1831","LANG_ADVANCE","1861"
"1832","LANG_ADVANCE","1861"
"1784","LANG_RELATED","1862"
"2125","LANG_RELATED","1862"
"1753","LANG_RELATED","1862"
"1833","LANG_ADVANCE","1862"
"1848","LANG_ADVANCE","1862"
"2096","LANG_RELATED","1863"
"2159","LANG_RELATED","1863"
"2184","LANG_RELATED","1863"
"1845","LANG_ADVANCE","1863"
"1839","LANG_ADVANCE","1863"
"1845","LANG_ADVANCE","1864"
"1823","LANG_ADVANCE","1865"
"1824","LANG_ADVANCE","1866"
"1840","TECH","1867"
"1828","TECH","1867"
"1846","TECH","1867"
"1828","TECH","1868"
"1828","TECH","1869"
"1822","TECH","1870"
"1829","TECH","1871"
"1829","TECH","1872"
"1852","TECH","1873"
"1830","TECH","1873"
"1844","TECH","1874"
"1850","TECH","1874"
"1856","TECH","1874"
"1830","TECH","1874"
"1845","TECH","1874"
"1840","TECH","1874"
"1834","TECH","1874"
"1846","TECH","1874"
"1841","TECH","1874"
"1831","TECH","1875"
"1830","TECH","1875"
"1830","TECH","1876"
"1830","TECH","1877"
"1857","TECH","1877"
"1850","TECH","1877"
"1844","TECH","1877"
"1830","TECH","1878"
"1853","TECH","1879"
"1830","TECH","1879"
"1830","TECH","1880"
"1830","TECH","1881"
"1830","TECH","1882"
"1841","TECH","1883"
"1830","TECH","1883"
"1830","TECH","1884"
"1830","TECH","1885"
"1830","TECH","1886"
"1830","TECH","1887"
"1830","TECH","1888"
"1852","TECH","1889"
"1852","TECH","1890"
"1831","TECH","1891"
"1842","TECH","1891"
"1853","TECH","1892"
"1853","TECH","1893"
"1832","TECH","1963"
"1847","TECH","1964"
"1832","TECH","1964"
"1841","TECH","1964"
"1832","TECH","1965"
"1832","TECH","1966"
"1847","TECH","1967"
"1832","TECH","1967"
"1833","TECH","1968"
"1834","TECH","1969"
"1834","TECH","1970"
"1834","TECH","1971"
"1834","TECH","1972"
"1849","TECH","1972"
"1848","TECH","1972"
"1835","TECH","1973"
"1834","TECH","1973"
"1834","TECH","1974"
"1835","TECH","1974"
"1834","TECH","1975"
"1850","TECH","1976"
"1840","TECH","1976"
"1844","TECH","1976"
"1834","TECH","1976"
"1834","TECH","1977"
"1834","TECH","1978"
"1834","TECH","1979"
"1834","TECH","1980"
"1834","TECH","1981"
"1834","TECH","1982"
"1834","TECH","1983"
"1834","TECH","1984"
"1834","TECH","1985"
"1834","TECH","1986"
"1834","TECH","1987"
"1835","TECH","1988"
"1835","TECH","1989"
"1835","TECH","1990"
"1835","TECH","1991"
"1835","TECH","1992"
"1835","TECH","1994"
"1835","TECH","1995"
"1837","TECH","1996"
"1856","TECH","1997"
"1856","TECH","1998"
"1847","TECH","1999"
"1844","TECH","1999"
"1857","TECH","1999"
"1857","TECH","2000"
"1847","TECH","2000"
"1840","TECH","2001"
"1842","TECH","2002"
"1844","TECH","2002"
"1846","TECH","2002"
"1840","TECH","2002"
"1844","TECH","2003"
"1840","TECH","2003"
"1840","TECH","2004"
"1840","TECH","2005"
"1840","TECH","2006"
"1840","TECH","2007"
"1840","TECH","2008"
"1840","TECH","2009"
"1840","TECH","2010"
"1840","TECH","2011"
"1840","TECH","2012"
"1840","TECH","2013"
"1840","TECH","2014"
"1840","TECH","2015"
"1840","TECH","2016"
"1840","TECH","2017"
"1840","TECH","2018"
"1840","TECH","2019"
"1840","TECH","2020"
"1840","TECH","2021"
"1840","TECH","2022"
"1840","TECH","2023"
"1840","TECH","2024"
"1840","TECH","2025"
"1840","TECH","2026"
"1841","TECH","2027"
"1841","TECH","2028"
"1841","TECH","2029"
"1841","TECH","2030"
"1841","TECH","2031"
"1841","TECH","2032"
"1850","TECH","2032"
"1841","TECH","2033"
"1841","TECH","2034"
"1841","TECH","2035"
"1841","TECH","2036"
"1841","TECH","2037"
"1841","TECH","2038"
"1841","TECH","2039"
"1841","TECH","2040"
"1841","TECH","2041"
"1841","TECH","2042"
"1845","TECH","2043"
"1845","TECH","2044"
"1823","TECH","2045"
"1823","TECH","2046"
"1823","TECH","2047"
"1846","TECH","2047"
"1823","TECH","2048"
"1846","TECH","2049"
"1847","TECH","2050"
"1847","TECH","2051"
"1847","TECH","2052"
"1847","TECH","2053"
"1825","TECH","2054"
"1850","TECH","2055"
"1850","TECH","2056"
"1850","TECH","2057"
"1851","TECH","2058"
"1851","TECH","2059"
"1827","TECH","2060"
"1849","TOOL_BASIC","2061"
"1847","TOOL_BASIC","2061"
"1825","TOOL_BASIC","2061"
"1850","TOOL_ADVANCE","2061"
"1848","TOOL_ADVANCE","2061"
"1840","TOOL_ADVANCE","2061"
"1842","TOOL_ADVANCE","2061"
"1833","TOOL_ADVANCE","2061"
"1828","TOOL_ADVANCE","2061"
"1830","TOOL_ADVANCE","2062"
"1830","TOOL_ADVANCE","2063"
"1830","TOOL_ADVANCE","2064"
"1830","TOOL_ADVANCE","2065"
"1830","TOOL_ADVANCE","2066"
"1830","TOOL_ADVANCE","2067"
"1830","TOOL_ADVANCE","2068"
"1830","TOOL_ADVANCE","2069"
"1830","TOOL_ADVANCE","2070"
"1830","TOOL_ADVANCE","2071"
"1830","TOOL_ADVANCE","2072"
"1830","TOOL_ADVANCE","2073"
"1849","TOOL_ADVANCE","2074"
"1831","TOOL_ADVANCE","2074"
"1825","TOOL_BASIC","2075"
"1832","TOOL_ADVANCE","2075"
"1845","TOOL_ADVANCE","2075"
"1847","TOOL_BASIC","2076"
"1849","TOOL_BASIC","2076"
"1833","TOOL_ADVANCE","2076"
"1848","TOOL_ADVANCE","2076"
"1847","TOOL_BASIC","2077"
"1848","TOOL_ADVANCE","2077"
"1841","TOOL_ADVANCE","2077"
"1840","TOOL_ADVANCE","2077"
"1833","TOOL_ADVANCE","2077"
"1843","TOOL_ADVANCE","2077"
"1847","TOOL_BASIC","2078"
"1833","TOOL_ADVANCE","2078"
"1833","TOOL_ADVANCE","2079"
"1848","TOOL_ADVANCE","2079"
"1833","TOOL_ADVANCE","2080"
"1854","TOOL_ADVANCE","2081"
"1854","TOOL_ADVANCE","2082"
"1824","TOOL_ADVANCE","2083"
"1854","TOOL_ADVANCE","2083"
"1835","TOOL_BASIC","2084"
"1834","TOOL_ADVANCE","2084"
"1834","TOOL_BASIC","2085"
"1834","TOOL_ADVANCE","2085"
"1834","TOOL_ADVANCE","2086"
"1838","TOOL_ADVANCE","2087"
"1838","TOOL_ADVANCE","2088"
"1855","TOOL_BASIC","2089"
"1826","TOOL_ADVANCE","2089"
"1855","TOOL_ADVANCE","2089"
"1855","TOOL_ADVANCE","2090"
"1855","TOOL_ADVANCE","2091"
"1840","TOOL_ADVANCE","2092"
"1840","TOOL_ADVANCE","2093"
"1825","TOOL_BASIC","2094"
"1841","TOOL_ADVANCE","2094"
"1847","TOOL_BASIC","2095"
"1847","TOOL_ADVANCE","2095"
"1848","TOOL_ADVANCE","2096"
"1848","TOOL_ADVANCE","2097"
"1850","TOOL_ADVANCE","2097"
"1848","TOOL_ADVANCE","2098"
"1824","TOOL_ADVANCE","2099"
"1824","TOOL_ADVANCE","2100"
"1824","TOOL_ADVANCE","2101"
"1824","TOOL_ADVANCE","2102"
"1829","TOOL_BASIC","2103"
"1825","TOOL_ADVANCE","2103"
"1851","TOOL_ADVANCE","2104"
"1826","TOOL_ADVANCE","2104"
"1826","TOOL_BASIC","2105"
"1826","TOOL_ADVANCE","2105"
"1851","TOOL_ADVANCE","2105"
"1851","TOOL_ADVANCE","2106"
"1826","TOOL_ADVANCE","2106"
"1851","TOOL_ADVANCE","2107"
"1855","TOOL_BASIC","2108"
"1826","TOOL_ADVANCE","2108"
"1826","TOOL_ADVANCE","2109"
"1822","TOOL_BASIC","2110"
"1835","TOOL_BASIC","2111"
"1835","TOOL_BASIC","2112"
"1835","TOOL_BASIC","2113"
"1835","TOOL_BASIC","2114"
"1838","TOOL_BASIC","2115"
"1840","TOOL_BASIC","2116"
"1846","TOOL_BASIC","2117"
"1847","TOOL_BASIC","2118"
"1621","TOOL_RELATED","2119"
"1847","TOOL_BASIC","2119"
"1847","TOOL_BASIC","2120"
"1847","TOOL_BASIC","2121"
"1847","TOOL_BASIC","2122"
"1847","TOOL_BASIC","2123"
"1849","TOOL_BASIC","2124"
"1849","TOOL_BASIC","2125"
"1849","TOOL_BASIC","2126"
"1850","TOOL_BASIC","2127"
"1827","TOOL_BASIC","2128"
"1694","LANG_RELATED","2158"
"1794","LANG_RELATED","2158"
"2141","LANG_RELATED","2158"
"2144","LANG_RELATED","2158"
"1626","FRAME_RELATED","2162"
"1610","FRAME_RELATED","2163"
"1610","FRAME_RELATED","2164"
"1627","FRAME_RELATED","2165"
"1628","FRAME_RELATED","2166"
"1628","FRAME_RELATED","2167"
"1639","FRAME_RELATED","2168"
"2045","FRAME_RELATED","2168"
"1667","FRAME_RELATED","2168"
"1671","FRAME_RELATED","2169"
"1618","FRAME_RELATED","2170"
"2044","FRAME_RELATED","2171"
"2044","FRAME_RELATED","2172"
"2160","FRAME_RELATED","2173"
"1667","FRAME_RELATED","2173"
"1619","FRAME_RELATED","2174"
"1869","FRAME_RELATED","2175"
"1644","FRAME_RELATED","2176"
"1670","FRAME_RELATED","2177"
"2054","FRAME_RELATED","2178"
"2161","FRAME_RELATED","2178"
"1879","FRAME_RELATED","2179"
"1624","LANG_RELATED","2185"
"1618","LANG_RELATED","2185"
"1889","LANG_RELATED","2185"
"1872","LANG_RELATED","2185"
"1627","LANG_RELATED","2185"
"1613","LANG_RELATED","2185"
"1626","LANG_RELATED","2185"
"2116","LANG_RELATED","2186"
"1794","LANG_RELATED","2186"
"1992","LANG_RELATED","2186"
"1653","LANG_RELATED","2187"
"1634","LANG_RELATED","2188"
"2006","LANG_RELATED","2189"
"1648","LANG_RELATED","2190"
"1648","LANG_RELATED","2191"
"2161","LANG_RELATED","2192"
"1623","LANG_RELATED","2193"
"2045","TOOL_RELATED","2196"
"1636","TOOL_RELATED","2196"
"2160","TOOL_RELATED","2196"
"1636","TOOL_RELATED","2197"
"2045","TOOL_RELATED","2197"
"2160","TOOL_RELATED","2197"
"1965","TOOL_RELATED","2198"
"1965","TOOL_RELATED","2199"
"2034","TOOL_RELATED","2200"
"2034","TOOL_RELATED","2201"
"1974","TOOL_RELATED","2202"
"1977","TOOL_RELATED","2203"
"1977","TOOL_RELATED","2204"
"1620","TOOL_RELATED","2205"
"1668","TOOL_RELATED","2206"
"1620","TOOL_RELATED","2206"
"2002","TOOL_RELATED","2206"
"1641","TOOL_RELATED","2207"
"1619","TOOL_RELATED","2208"
"1653","TOOL_RELATED","2209"
"1687","TOOL_RELATED","2210"
"2194","TOOL_RELATED","2210"
"2194","TOOL_RELATED","2211"
"2195","TOOL_RELATED","2212"
"1669","TOOL_RELATED","2213"
"1669","TOOL_RELATED","2214"
"1670","TOOL_RELATED","2215"
"1679","TOOL_RELATED","2215"
"1873","TOOL_RELATED","2216"
"1873","TOOL_RELATED","2217"
"1881","TOOL_RELATED","2218"
"1881","TOOL_RELATED","2219"
"1886","TOOL_RELATED","2220"
"1886","TOOL_RELATED","2221"
"1972","TOOL_RELATED","2222"
"1972","TOOL_RELATED","2223"
"1972","TOOL_RELATED","2224"
"1681","TOOL_RELATED","2225"
"1681","TOOL_RELATED","2226"
"1681","TOOL_RELATED","2227"
"2055","TOOL_RELATED","2228"
"1668","TOOL_RELATED","2229"
"2009","TOOL_RELATED","2230"
"2059","TOOL_RELATED","2231"
"1617","TOOL_RELATED","2232"
"2059","TOOL_RELATED","2232"
"1891","TOOL_RELATED","2233"
"1891","TOOL_RELATED","2234"
"1879","TOOL_RELATED","2235"
"1621","TOOL_RELATED","2236"
"1621","TOOL_RELATED","2237"
"1645","TOOL_RELATED","2238"
"1645","TOOL_RELATED","2239"
"1666","TOOL_RELATED","2240"
"1666","TOOL_RELATED","2241"
"1666","TOOL_RELATED","2242"
"1666","TOOL_RELATED","2243"
"2004","TOOL_RELATED","2244"
"2004","TOOL_RELATED","2245"
"2004","TOOL_RELATED","2246"
"2006","TOOL_RELATED","2247"
"2036","TOOL_RELATED","2248"
"2060","TOOL_RELATED","2249"
"2002","TOOL_RELATED","2250"
"2002","TOOL_RELATED","2251"
"2002","TOOL_RELATED","2252"
"2002","TOOL_RELATED","2253"
"2002","TOOL_RELATED","2254"
"2002","TOOL_RELATED","2255"
"1687","TOOL_RELATED","2256"
"1687","TOOL_RELATED","2257"
"1617","TOOL_RELATED","2258"
